time,lat,lon,elevation,horz_distance_ft,horz_distance_m,vert_speed_mph,horz_speed_mph,vert_speed_km/u,horz_speed_km/u,heading,dive_angle
748.0,56.1819163,9.0440679,741.2073490784,69440.40129711948,21165.434315362003,0.96188248,44.49023334548906,1.548,71.60009944127174,19.64331,1.2385464813937028
748.2,56.1819483,9.0440902,741.7486876610751,69452.94294778656,21169.25701048533,-2.75143128,41.11607637068772,-4.428,66.16991944985274,22.1864,-3.828446843628816
748.4,56.1819772,9.0441132,743.218503934035,69464.49351265724,21172.77762265791,-5.72655616,37.81186821186346,-9.216000000000001,60.85231118043094,24.83665,-8.611923052161844
748.6,56.1820031,9.0441369,745.3904199445251,69475.11582758772,21176.01530424872,-7.538474320000001,35.0005649420319,-12.132000000000001,56.3279565402474,28.34259,-12.154771334296417
748.8,56.1820263,9.044161,747.608267713545,69484.9105188412,21179.000726142785,-7.80690664,32.36697980957004,-12.564000000000002,52.089611555472366,30.9276,-13.560711022389576
749.0,56.1820472,9.0441851,749.9967191571051,69493.98798016428,21181.76753635406,-7.85164536,30.12113026902699,-12.636,48.47526660060778,33.64275,-14.610114934003784
749.2,56.1820668,9.0442083,751.95538057442,69502.5674439823,21184.382556925793,-6.2634208,28.87510085148153,-10.08,46.469976371846805,33.20895,-12.238671306766257
749.4,56.1820855,9.0442307,753.2053805744151,69510.78285487069,21186.886614164574,-4.29491712,27.93130589006145,-6.912,44.95108541514876,33.93845,-8.74173991837713
749.6,56.1821033,9.0442533,753.526902884125,69518.75046206055,21189.315140836046,-0.76055824,27.390009369936838,-1.2240000000000002,44.079952994530295,35.72991,-1.5905647168032493
749.8,56.1821213,9.0442757,752.568897634785,69526.75450194416,21191.75477219257,3.04223296,28.062003262886847,4.896000000000001,45.161422475382686,34.09933,6.187334786907265
750.0,56.1821402,9.0442973,750.20997375028,69534.94201314385,21194.250325606234,6.10683528,28.758333181582465,9.828,46.28205699836601,31.49962,11.988682167556384
750.2,56.1821594,9.0443178,746.7454068211599,69543.10524562493,21196.738478866468,10.26753624,28.337609077804096,16.524,45.60496709789406,30.18307,19.916918178784226
750.4,56.1821777,9.0443384,742.457349078395,69550.99860190129,21199.1443738595,14.11506616,27.12285591835788,22.715999999999998,43.6500111340192,32.64397,27.493020680310376
750.6,56.1821961,9.0443597,738.0216535403549,69558.9993680961,21201.583007395682,16.732281280000002,27.78921022948391,26.928,44.722404586515694,33.2327,31.05274795234852
750.8,56.1822136,9.0443818,731.67322834353,69566.81868462512,21203.966335073725,21.83249536,27.398667510705028,35.136,44.09388692324595,36.46035,38.54941929310734
751.0,56.182231,9.044404,726.22703411783,69574.6199564271,21206.344162718968,24.20364752,26.00387828586767,38.952000000000005,41.84919095992179,35.62096,42.946493980773326
751.2,56.182248,9.0444255,719.4881889735,69582.21955057741,21208.660519015983,26.88797072,26.310970175962897,43.272,42.34340751522012,35.79054,45.62141086137119
751.4,56.1822655,9.044447,711.8569553777301,69589.96911798812,21211.022587162766,29.21438416,26.92435679320127,47.016000000000005,43.33055771623532,34.7549,47.33593051395111
751.6,56.1822837,9.0444686,703.500656165165,69597.942169367,21213.45277322305,31.04867168,27.751181349705636,49.968,44.661203029027334,33.80963,48.209779971335415
751.8,56.1823027,9.04449,694.3503936980101,69606.13875248833,21215.95109175843,32.97243664,28.565252306068388,53.064,45.97132340927331,31.92724,49.09639473711313
752.0,56.1823228,9.0445107,684.54724409175,69614.6063560282,21218.532017317382,35.1198952,29.61034980002396,56.519999999999996,47.65324501017743,29.87183,49.86503149388785
752.2,56.1823443,9.0445307,674.2585301810301,69623.45450497417,21221.228933116116,36.59627296,30.94472512387951,58.896,49.800714211746,27.32156,49.78312837328527
752.4,56.1823669,9.0445499,663.47112860627,69632.59023658845,21224.01350411215,38.43056048,31.84397626306617,61.848,51.24791882603624,24.99691,50.35448858149778
752.6,56.1823906,9.0445683,652.2933070840049,69642.02472236814,21226.889135377798,39.61613656,32.650699769668805,63.75600000000001,52.54621463055165,23.45878,50.50544532872871
752.8,56.1824155,9.0445857,640.8070866116101,69651.78721227775,21229.86474230225,40.399064159999995,34.371051206678544,65.01599999999999,55.31485225506798,20.7419,49.60925220936544
753.0,56.182442,9.0446018,629.1305774253051,69662.00843001122,21232.980169467413,41.517532159999995,35.520775780415306,66.816,57.16515484103931,17.68622,49.45099831849995
753.2,56.1824697,9.0446162,617.38188976131,69672.54411004338,21236.191444741216,42.00965808,36.56668586186898,67.608,58.84838417492871,15.00971,48.96254078546233
753.4,56.1824989,9.0446286,605.57086613931,69683.50611326507,21239.53266332319,42.0543968,38.210252256691284,67.68,61.493448236377176,12.12421,47.74199274957511
753.6,56.1825297,9.0446395,593.7171915986751,69694.9745843055,21243.02825329631,41.607009600000005,39.92749670598333,66.96000000000001,64.25708564819914,10.33585,46.180057351942416
753.8,56.182562,9.0446492,582.0078740134201,69706.93830513487,21246.674795405106,41.450424080000005,41.86196675329096,66.70800000000001,67.37031381847646,9.08363,44.716975275277846
754.0,56.1825959,9.0446586,570.64960629693,69719.46937060468,21250.49426416031,40.44380288,43.27288948394305,65.088,69.64097414597244,8.73897,43.06450714218819
754.2,56.1826308,9.0446693,559.478346454455,69732.4035666622,21254.436607118638,39.4819204,45.03192746095951,63.54,72.47187172965799,10.57647,41.24279272263498
754.4,56.1826667,9.0446835,548.139763777335,69745.8333448541,21258.53000351153,38.94505576,46.59857699540038,62.676,74.9931500871913,13.92877,39.88740454280315
754.6,56.1827033,9.044702,536.7946194204251,69759.72462994388,21262.764067206896,38.766100879999996,47.91857870739102,62.388,77.11748719972663,17.41544,38.972837644300654
754.8,56.1827397,9.0447252,525.593832018895,69773.83684041754,21267.065468959267,39.23585744,48.621547112717565,63.144,78.24880533273335,21.59562,38.90229432050852
755.0,56.1827753,9.0447541,514.0419947486,69788.11249392152,21271.416688147277,40.242478639999995,48.72016309645001,64.764,78.40751239517806,26.9802,39.55644358447481
755.2,56.1828093,9.0447893,502.1095800504851,69802.45457665261,21275.788154963713,41.62937896,49.42622848689364,66.996,79.5438146432518,32.52876,40.10585282933665
755.4,56.1828415,9.0448302,489.438976375995,69816.86978276707,21280.1819097874,43.26234224,49.30452554266918,69.624,79.3479527146101,37.43017,41.26538959707069
755.6,56.1828715,9.0448757,475.5347769009851,69831.22365417544,21284.55696979267,46.12562032,49.04507048951771,74.232,78.93040022703545,42.20724,43.24294924250327
755.8,56.1828988,9.0449249,461.1417322816201,69845.36336461609,21288.866753534978,48.60861928,47.86125703816181,78.22800000000001,77.02523690323841,47.47363,45.44386752864347
756.0,56.1829223,9.0449782,445.889107609765,69859.20582787032,21293.085936334868,52.187716879999996,47.24380234720268,83.988,76.03153977133438,54.46887,47.84650531135058
756.2,56.1829412,9.0450359,429.25853018200996,69872.83880102423,21297.24126655218,55.49838216,46.24822307448686,89.316,74.4293100330777,63.22659,50.19469012143659
756.4,56.1829559,9.0450935,411.52230970964,69885.74411205277,21301.17480535368,58.58535384,42.39220358644262,94.284,68.22364739589932,67.6623,54.11060268273768
756.6,56.1829671,9.045147,393.093832019425,69897.3864075804,21304.723377030507,60.03936224,37.83872955614187,96.624,60.895540329321335,71.17133,57.77955596064177
756.8,56.1829727,9.0451999,374.110892386955,69908.35629291882,21308.066998081656,63.95400024,36.89879329221998,102.924,59.382859345100584,83.84514,60.01684512584216
757.0,56.1829725,9.0452522,353.41535432929504,69919.01175409115,21311.314782646983,68.60682712,35.802270744629325,110.412,57.61817713187394,94.2941,62.44232807047498
757.2,56.1829682,9.0452996,332.162073489485,69928.7955978114,21314.29689821292,71.33588904,31.716983795922587,114.804,51.043544234310374,103.78092,66.02936641874398
757.4,56.1829611,9.0453394,310.367454067,69937.30886991271,21316.891743549397,74.1544284,27.21225978235157,119.34,43.793892724899436,111.62008,69.84850797783659
757.6,56.1829519,9.0453706,287.71653543192,69944.49911351684,21319.083329799934,76.14530144,22.769514313586626,122.544,36.64398602772357,123.9891,73.35190597636159
757.8,56.1829412,9.0453926,265.055774277155,69950.44620260528,21320.89600255409,77.30850816,18.654986749819475,124.41600000000001,30.022294915612296,138.61,76.43354888927753
758.0,56.1829302,9.0454049,242.903543306115,69955.18189975484,21322.339443045275,76.99533712,14.003380161185373,123.912,22.53625878445666,157.63966,79.69210802154612
758.2,56.1829201,9.045407,221.77165354241998,69958.8962093286,21323.47156460336,76.23477888,11.50926941113571,122.688,18.52237608947621,186.65186,81.41481115590797
758.4,56.1829114,9.0453996,200.62992125903997,69962.41382498607,21324.543733855753,74.95972536,12.580353849072544,120.636,20.246119628215183,219.04298,80.47293916575985
758.6,56.1829048,9.0453835,179.76377952683998,69966.48470360116,21325.784537657637,73.46097824,14.866253227537273,118.22400000000002,23.92491855785511,242.97522,78.5595926378764
758.8,56.1829006,9.0453602,159.320866141095,69971.47347198369,21327.30511426063,71.04508736000001,18.75000769320079,114.33600000000001,30.175216320682775,258.70036,75.21576714420652
759.0,56.1828986,9.0453297,139.20603674485,69977.73012997516,21329.21214361643,68.80815136000001,23.225062754979685,110.736,37.37712027430685,267.19452,71.3487331983461
759.2,56.1828987,9.0452926,119.80314960582001,69985.28870920202,21331.51599856478,66.16856688,27.794998737794753,106.488,44.73172028885096,272.88242,67.214502391475
759.4,56.1829007,9.0452495,101.22703412032999,69994.0999400926,21334.201661740226,63.12633392,31.93887945915319,101.592,51.400650735180385,275.98046,63.162790430442065
759.6,56.1829036,9.0452004,83.56299212565,70004.15916517057,21337.267713543995,59.838038,35.97054992723525,96.3,57.888996260083836,276.7037,58.988583677734844
759.8,56.1829075,9.0451462,67.03740157453501,70015.29301517841,21340.661311026386,55.990508080000005,39.26235631081164,90.108,63.186645804315326,278.25404,54.96061849199635
760.0,56.1829127,9.0450878,51.614173228139975,70027.34169994117,21344.333750142076,52.3443024,42.37730459726021,84.24,68.19966979392203,279.94404,51.00679379052202
760.2,56.1829192,9.0450253,37.40157480300002,70040.29450440619,21348.281764943014,47.91516912,45.30896059723582,77.11200000000001,72.91771340353453,281.18562,46.60136507090772
760.4,56.1829267,9.0449591,24.688320209875002,70054.05708408434,21352.476599228918,43.41892776,47.736533950963114,69.876,76.8245145249874,281.79976,42.28819470428693
760.6,56.1829351,9.0448894,13.382545931704982,70068.58502220603,21356.904714768407,37.75947968,50.5810406616775,60.768,81.40230493051165,282.5557,36.7418723909064
760.8,56.1829442,9.0448169,3.4481627296449915,70083.72510363597,21361.519411588255,33.71062552,52.08694788459295,54.252,83.82582800068246,282.99264,32.91090763005518
761.0,56.1829539,9.0447434,-5.2427821522099975,70099.11299742281,21366.209641614485,29.46044712,52.296411016919194,47.412,84.16292627992446,283.62232,29.394123710788183
761.2,56.1829639,9.0446697,-12.736220472390016,70114.5660813969,21370.91974160979,25.523439760000002,52.77830894170014,41.076,84.93846591503758,283.82004,25.808278322244295
761.4,56.1829743,9.0445959,-18.92388451436001,70130.07410671953,21375.64658772813,21.09430648,52.498486041998675,33.948,84.48813455154516,284.59924,21.890651274946638
761.6,56.1829849,9.0445228,-23.94685039360502,70145.46212321188,21380.336855154997,17.02308296,51.96777865459032,27.396,83.63404369035375,284.70122,18.13724127271626
761.8,56.1829956,9.0444505,-27.59842519674001,70160.70177841187,21384.981902059953,12.50447224,51.27891215305999,20.124,82.52542037457306,285.11152,13.704240627878384
762.0,56.1830057,9.0443806,-29.603018372584998,70175.41286513062,21389.465841291832,7.73979856,48.91611838163525,12.456,78.72287189883255,284.41276,8.99114033307018
762.2,56.1830154,9.0443126,-30.87270341195,70189.71264998666,21393.82441571595,5.07784472,47.958874915332046,8.172,77.18233766866615,284.79242,6.043910456113552
762.4,56.1830249,9.044247,-31.07611548544,70203.52071132994,21398.03311281338,2.05798112,45.82184716093134,3.3120000000000003,73.74312442526421,284.85122,2.571577807559994
762.6,56.1830341,9.0441835,-31.25328083977,70216.88712124428,21402.107194555272,0.58160336,44.72427824720593,0.936,71.97675824875694,285.4576,0.7450436528743242
762.8,56.183043,9.0441225,-30.97769028859001,70229.73302413811,21406.022625757312,-0.26843232,42.73398530794636,-0.432,68.77369183052484,284.81036,-0.35989708500259876
763.0,56.1830515,9.0440645,-30.344488188854996,70241.95065206992,21409.746558750925,-0.53686464,40.75306953074663,-0.864,65.58571649376105,285.20024,-0.7547480269564815
763.2,56.1830589,9.0440089,-29.917979002505007,70253.59625048666,21413.29613714835,-0.40264848,38.60928855527822,-0.648,62.135634993134175,283.403,-0.5975044628877023
763.4,56.1830656,9.0439562,-29.412729658675005,70264.60836918576,21416.652630927838,-1.07372928,36.46634515211501,-1.728,58.68690143464723,283.37028,-1.6865519787304744
763.6,56.1830719,9.0439066,-28.832020997260003,70274.97223714323,21419.811537881273,-1.3421616,34.31200247944773,-2.16,55.21982252778435,283.42436,-2.240061904458103
763.8,56.1830775,9.0438599,-28.284120734794996,70284.70396477405,21422.777768463144,-0.29080168,32.23753081254713,-0.468,51.88128356160823,281.91746,-0.5168279522077643
764.0,56.1830824,9.0438143,-28.175853018260014,70294.16501533789,21425.661496675002,0.8724050400000001,32.108853424546744,1.4040000000000001,51.67419735225696,280.99836,1.5563567957197004
764.2,56.1830868,9.0437697,-28.113517060254992,70303.39252955886,21428.474043009555,1.05135992,30.61858804364964,1.692,49.275847389973926,280.68812,1.9666102195363224
764.4,56.1830906,9.0437271,-28.01509186340499,70312.18182245304,21431.153019483703,0.40264848,29.213133778509704,0.648,47.01398770578816,278.68218,0.7896652910772906
764.6,56.1830939,9.043687,-27.719816272855013,70320.43993412405,21433.670091921027,0.02236936,27.15840220493133,0.036000000000000004,43.707217344507306,279.31826,0.047192379687907245
764.8,56.1830966,9.0436503,-27.358923884405016,70327.98166878463,21435.968812645573,-0.53686464,24.457905747580604,-0.864,39.361189006431196,277.11966,-1.2574723053697756
765.0,56.1830988,9.0436171,-26.729002624565013,70334.7931443924,21438.044950410822,-0.44738720000000004,22.507489345967432,-0.7200000000000001,36.222297663179795,277.31278,-1.13873310387078
765.2,56.183101,9.0435858,-26.466535432965017,70341.22039520869,21440.003976459626,0.20132424,21.05141000180717,0.324,33.878964801186,278.83138,0.5479289805556479
765.4,56.1831034,9.0435574,-26.253280839789994,70347.07242670393,21441.787675659376,0.559234,19.183470669887978,0.9,30.87280745251394,280.1842,1.6698060764077205
765.6,56.1831059,9.0435318,-26.20078740147001,70352.36731593095,21443.401557895773,1.118468,17.140667153555892,1.8,27.585233441100332,280.9891,3.73338879324443
765.8,56.1831087,9.0435084,-26.597769028765015,70357.2431352593,21444.88770762705,2.88564744,16.268615922144935,4.644,26.181802840904595,281.90578,10.058231758915506
766.0,56.1831112,9.0434872,-27.473753280729994,70361.65774697415,21446.233281277735,4.49624136,14.238163535448457,7.236,22.914106048458446,282.46562,17.52549222921215
766.2,56.1831136,9.0434692,-27.949475065505013,70365.42826577555,21447.382535408404,0.29080168,11.630281815982391,0.468,18.71712670256843,284.25048,1.4323159360726658
766.4,56.1831163,9.0434547,-27.77887139096501,70368.54268493016,21448.331810366726,-0.53686464,9.971943557889693,-0.864,16.048289628493123,288.17438,-3.081687166237752
766.6,56.1831185,9.0434427,-27.913385826660004,70371.11617350718,21449.116209685002,2.48299896,8.27778159243805,3.9960000000000004,13.321799878394812,287.25808,16.697113631198786
766.8,56.1831199,9.0434328,-27.670603674430012,70373.19694801143,21449.7504297539,-1.25268416,6.700547532813372,-2.0160000000000005,10.783487376540116,286.04298,-10.589348602726952
767.0,56.1831206,9.0434244,-27.89370078729,70374.92729385458,21450.27783916689,2.14745856,5.549495136412289,3.456,8.931047866851909,283.29918,21.154676933155503
767.2,56.1831208,9.043419,-27.562335957895,70376.02986854335,21450.61390393203,-0.8947744000000001,3.271284682504735,-1.4400000000000002,5.264623063430088,278.38774,-15.297591207622732
767.4,56.1831205,9.043415,-27.24081364818501,70376.8521314246,21450.864529658236,1.3421616,2.8662474709068673,2.16,4.612778772063538,272.16304,25.092019062216284
767.6,56.18312,9.0434134,-27.106299212490015,70377.22578767884,21450.978420084528,0.08947744,0.7651498364158695,0.14400000000000002,1.2313894591070689,272.16304,6.6699355433654475
767.8,56.1831182,9.0434132,-27.221128608815008,70377.88459904675,21451.179225789467,1.54348584,3.2666159538143935,2.484,5.257109471943684,210.56104,25.290874936516996
768.0,56.1831148,9.0434119,-27.93635170592502,70379.1545625655,21451.56631066998,3.4672508,4.9734990894941316,5.58,8.00407196369448,202.8209,34.8820940434794
768.2,56.1831126,9.0434089,-28.513779527444996,70380.16424022081,21451.874060419315,1.81191816,2.8507553106597405,2.9160000000000004,4.587846553667636,213.14252,32.43972585069302
768.4,56.1831124,9.043407,-27.611548556320002,70380.5581651979,21451.994128752332,-3.06460232,1.54526787619992,-4.932,2.486867909640558,223.45152,-63.24133674521535
768.6,56.1831121,9.0434059,-26.98818897627001,70380.80763136392,21452.070166039735,-3.0198636000000003,0.44738720000000004,-4.86,0.7200000000000001,223.45152,-81.57303097851933
768.8,56.1831117,9.0434045,-26.788057742675008,70381.1281071413,21452.16784705668,0.26843232,1.4239288104088978,0.432,2.291591586648895,224.79774,10.675839842295225
769.0,56.1831102,9.0434039,-26.4435695537,70381.68953462872,21452.338970154848,-0.7829276,2.112335715538892,-1.26,3.3994752536237116,210.44304,-20.336994774397468
769.2,56.1831094,9.0434033,-26.36482939621999,70382.00631410346,21452.435524538752,-0.08947744,0.5956301546832617,-0.14400000000000002,0.9585739408099929,210.44304,-8.543269590347558
769.4,56.1831096,9.0434034,-26.230314960525007,70382.0821625994,21452.458643160313,1.09609864,0.8279685534663451,1.764,1.3324863976791659,210.44304,52.93341156074218
769.6,56.1831098,9.0434031,-25.951443569450007,70382.17741765307,21452.48767690067,-0.80529696,1.2174358489423724,-1.296,1.95927333468304,238.86708,-33.483429410437964
769.8,56.1831092,9.0434023,-25.823490813544993,70382.45055791528,21452.57093005259,1.2303148000000002,0.9691381618745695,1.9800000000000002,1.5596768896152817,238.86708,51.77194416051636
770.0,56.1831079,9.0434023,-26.06299212588,70382.92545521833,21452.71567875056,1.58822456,1.7177862525285885,2.556,2.7645093597237107,194.122,42.75574196655218
770.2,56.1831068,9.0434024,-25.958005249240017,70383.32780753131,21452.838315735557,-0.35790976,0.730351896293173,-0.5760000000000001,1.1753875956466446,194.122,-26.10721553372912
770.4,56.1831064,9.0434017,-25.83333333323,70383.531988747,21452.900550170096,0.29080168,0.47820229812495374,0.468,0.7695920997515501,194.122,31.30438460747924
770.6,56.1831062,9.0434007,-25.498687663940004,70383.7484248302,21452.966519888258,-0.53686464,1.1017903318145834,-0.864,1.7731598912675641,220.68794,-25.97838606555807
770.8,56.1831062,9.0433998,-25.088582677065006,70383.93178345944,21453.022407598448,-0.3355404,0.6945317049670623,-0.54,1.1177405781307217,220.68794,-25.78599974030716
771.0,56.1831061,9.0433993,-24.721128608824998,70384.04000150069,21453.05539245742,0.11184680000000001,0.5854621787652692,0.18000000000000002,0.9422101676377729,220.68794,10.815477499040684
771.2,56.1831059,9.0433997,-24.340551181004997,70384.14945008309,21453.088752385338,-0.11184680000000001,0.17895488,-0.18000000000000002,0.28800000000000003,220.68794,-32.005383208083494
771.4,56.1831058,9.0434002,-23.99606299203002,70384.2576681262,21453.12173724488,0.04473872,0.18034754598447966,0.07200000000000001,0.2902412789387478,220.68794,13.932091549258061
771.6,56.1831056,9.0434006,-23.60564304452501,70384.36711670752,21453.155097172472,0.08947744,0.07073812740026414,0.14400000000000002,0.11384199576606165,220.68794,51.67118189854412
771.8,56.1831054,9.0434009,-23.123359579959995,70384.46237176635,21453.184130914404,0.35790976,0.26936276410705323,0.5760000000000001,0.4334974048365226,220.68794,53.034893494453584
772.0,56.1831054,9.0434013,-22.73950131224501,70384.54386449202,21453.20896989719,0.20132424,0.33027964237066265,0.324,0.5315336301684025,220.68794,31.36468520224804
772.2,56.1831053,9.0434021,-22.621391076025006,70384.71089364983,21453.25988038449,-0.08947744,0.4739982402894661,-0.14400000000000002,0.7628263236150153,220.68794,-10.690025890438715
772.4,56.1831053,9.0434026,-22.286745406735008,70384.81275955746,21453.290929113136,0.24606296,0.1360675048347518,0.396,0.2189794510907359,220.68794,61.05835345223224
772.6,56.1831051,9.0434037,-21.91272965870499,70385.04847331964,21453.362774667847,-0.31317104,1.0504076010364587,-0.5040000000000001,1.690467390989841,178.15618,-16.601549599020238
772.8,56.183105,9.0434041,-21.630577427735005,70385.13777923475,21453.389995110774,0.20132424,0.7829276,0.324,1.26,178.15618,14.420773127510985
773.0,56.183105,9.0434036,-21.499343831935008,70385.23964514319,21453.421043839662,0.11184680000000001,0.3689249362298667,0.18000000000000002,0.5937272100889432,178.15618,16.86570476129823
773.2,56.183105,9.0434037,-21.397637795190008,70385.26001832509,21453.427253585505,0.08947744,0.22812360629316383,0.14400000000000002,0.3671294049786806,178.15618,21.416714033033625
773.4,56.1831048,9.0434039,-21.148293963170005,70385.34367353212,21453.452751692606,0.0,0.3407199405667758,0.0,0.5483356636222014,178.15618,0.0
773.6,56.1831047,9.043404,-20.964566929050008,70385.38550113534,21453.465500746068,0.24606296,0.09490515688081866,0.396,0.15273506473629428,178.15618,68.90864194094385
773.8,56.1831046,9.0434042,-20.93832020989001,70385.44022542748,21453.48218071031,-0.08947744,0.1000388191463294,-0.14400000000000002,0.16099689437998485,178.15618,-41.810314895778596
774.0,56.1831047,9.0434043,-20.597112860810014,70385.48205303276,21453.494929764398,0.04473872,0.4529450180672441,0.07200000000000001,0.7289444423273972,178.15618,5.640976563115982
774.2,56.1831049,9.0434043,-20.416666666585016,70385.55511415478,21453.517198794387,0.06710808,0.15817526146803113,0.108,0.25455844122715715,178.15618,22.98976777360885
774.4,56.1831048,9.0434052,-20.17388451435501,70385.74207637344,21453.574184878635,0.08947744,0.9214981762195144,0.14400000000000002,1.4830077545313105,178.15618,5.546031678689196
774.6,56.1831047,9.0434058,-20.22637795267501,70385.86965723861,21453.613071526335,1.99087304,0.13043466207847668,3.204,0.20991426821443082,178.15618,86.25154889425443
774.8,56.183105,9.0434066,-19.750656167900004,70386.06606140187,21453.672935515297,-2.63958448,0.8812505830287428,-4.248,1.418235523458639,178.15618,-71.5379185857447
775.0,56.1831055,9.0434062,-19.45866141724501,70386.26606918559,21453.73389788777,1.16320672,1.254480410016909,1.872,2.018890784564633,265.80296,42.8379688662758
775.2,56.1831059,9.0434058,-19.143700787325017,70386.43337960204,21453.784894102704,-1.16320672,0.48288811575071255,-1.872,0.7771331932172245,265.80296,-67.45493941701682
775.4,56.1831054,9.0434052,-18.802493438244994,70386.65316231942,21453.851883874962,-0.31317104,0.9017377299223983,-0.5040000000000001,1.451206394693739,265.80296,-19.151973981609007
775.6,56.1831051,9.0434048,-18.49737532801001,70386.78973245551,21453.893510452443,-0.08947744,0.3906640774078518,-0.14400000000000002,0.6287129710766274,265.80296,-12.900476868878224
775.8,56.1831053,9.0434044,-18.205380577355015,70386.8991810384,21453.926870380506,-0.24606296,0.5610206946479234,-0.396,0.9028754066868806,265.80296,-23.6821949445259
776.0,56.1831058,9.0434042,-17.929790026175,70387.08632353581,21453.983911413718,-0.06710808,1.0145435746321334,-0.108,1.6327498277445935,298.69464,-3.78437834636488
776.2,56.1831059,9.0434043,-17.647637795205,70387.12815114077,21453.99666046771,-0.31317104,0.11406180314658192,-0.5040000000000001,0.1835647024893403,298.69464,-69.98758305724996
776.4,56.1831056,9.0434045,-17.349081364759996,70387.24507249752,21454.03229809725,0.15658552,0.18034754598447966,0.25200000000000006,0.2902412789387478,298.69464,40.96592474997384
776.6,56.1831051,9.0434046,-17.152230971059993,70387.4288580105,21454.088315921606,0.26843232,0.38290176569874007,0.432,0.6162207396704529,298.69464,35.032279905187316
776.8,56.1831048,9.0434049,-16.837270341140012,70387.55434082371,21454.126563083075,0.08947744,0.02236936,0.14400000000000002,0.036000000000000004,298.69464,75.96375653207353
777.0,56.1831045,9.0434051,-16.532152230904998,70387.67126218195,21454.162200713065,0.04473872,0.12046269023012231,0.07200000000000001,0.1938659330568422,298.69464,20.37452718873519
777.2,56.1831043,9.0434053,-16.276246719095013,70387.75491739043,21454.187698820606,0.11184680000000001,0.09223123405746668,0.18000000000000002,0.1484318025222358,298.69464,50.49028771380608
777.4,56.1831042,9.0434054,-15.980971128544994,70387.79674499056,21454.200447873125,-0.15658552,0.02236936,-0.25200000000000006,0.036000000000000004,298.69464,-81.86989764584403
777.6,56.183104,9.0434057,-15.62992125977999,70387.89200005258,21454.229481616032,-0.08947744,0.18034754598447966,-0.14400000000000002,0.2902412789387478,298.69464,-26.387799961242997
777.8,56.1831036,9.0434063,-15.456036745345017,70388.08251017725,21454.28754910203,-0.13421616,0.5335924697881919,-0.216,0.8587339518151126,298.69464,-14.11888587589911
778.0,56.1831035,9.0434068,-15.114829396265009,70388.1907282261,21454.32053396332,-0.08947744,0.17895488,-0.14400000000000002,0.28800000000000003,298.69464,-26.56505117707799
778.2,56.1831035,9.0434068,-14.924540682355001,70388.1907282261,21454.32053396332,0.08947744,0.13043466207847668,0.14400000000000002,0.20991426821443082,298.69464,34.44990198795349
778.4,56.1831033,9.0434069,-14.642388451385017,70388.26657672175,21454.343652584797,-0.04473872,0.11184680000000001,-0.07200000000000001,0.18000000000000002,298.69464,-21.80140948635181
778.6,56.1831032,9.0434071,-14.379921259784993,70388.32130101422,21454.36033254914,-0.11184680000000001,0.1703599702833879,-0.18000000000000002,0.2741678318111007,298.69464,-33.28618674564031
778.8,56.1831033,9.0434081,-14.143700787345011,70388.5282820252,21454.423420361287,0.08947744,1.08116002111955,0.14400000000000002,1.7399586201976185,3.94234,4.731050624536694
779.0,56.183103,9.0434095,-14.15354330703002,70388.83383625139,21454.516553289428,0.559234,1.1855760800000001,0.9,1.9080000000000001,79.12169,25.25316339457388
779.2,56.1831022,9.0434101,-14.314304461885001,70389.15061573594,21454.613107676316,0.26843232,0.9405777244435319,0.432,1.513713314997262,79.12169,15.928264003261454
779.4,56.1831017,9.0434097,-14.366797900205,70389.35062351915,21454.674070048637,0.13421616,0.4529450180672441,0.216,0.7289444423273972,79.12169,16.505550842571107
779.6,56.1831014,9.0434093,-14.396325459259998,70389.48719366155,21454.71569662804,0.15658552,0.2864675823837217,0.25200000000000006,0.4610249450951651,79.12169,28.66137644029961
779.8,56.1831012,9.0434092,-14.330708661360006,70389.56304215416,21454.738815248587,-0.06710808,0.13421616,-0.108,0.216,79.12169,-26.56505117707799
780.0,56.1831011,9.043409,-14.222440944825024,70389.6177664506,21454.75549521414,-0.04473872,0.3179283408183976,-0.07200000000000001,0.5116561345278682,79.12169,-8.010038745332457
780.2,56.1831011,9.043409,-14.071522309654995,70389.6177664506,21454.75549521414,-0.02236936,0.11184680000000001,-0.036000000000000004,0.18000000000000002,79.12169,-11.309932474020213
780.4,56.1831012,9.043409,-13.99278215217501,70389.65429701566,21454.76662973037,0.22369360000000002,0.40326937239656574,0.36000000000000004,0.6489992295835182,79.12169,29.017140624601524
780.6,56.1831013,9.0434091,-13.914041994694998,70389.69612461556,21454.779378782816,-0.04473872,0.42560610026769496,-0.07200000000000001,0.6849467132558562,79.12169,-6.000761129266583
780.8,56.1831016,9.043409,-13.795931758475007,70389.80759391733,21454.813354625996,-0.06710808,0.6299268970126715,-0.108,1.0137692045036681,79.12169,-6.080962672699717
781.0,56.1831014,9.0434087,-13.92716535427499,70389.90284898378,21454.842388370253,0.46975656,0.4966803957648548,0.756,0.7993297192022826,79.12169,43.40421742004806
781.2,56.1831004,9.0434084,-14.055118110180018,70390.27323228861,21454.955281201568,0.91714376,1.5640966199158335,1.476,2.5171698393235213,144.72552,30.386201237365274
781.4,56.1830993,9.043409,-14.219160104930012,70390.69324980651,21455.083302541025,0.71581952,1.7129730869372977,1.1520000000000001,2.7567633195470376,141.50186,22.679140689152497
781.6,56.1830989,9.0434097,-14.189632545874986,70390.89743104158,21455.145536981472,-0.11184680000000001,0.2000776382926588,-0.18000000000000002,0.3219937887599697,141.50186,-29.205932247399417
781.8,56.1830991,9.0434093,-14.005905511755003,70391.00687963268,21455.178896912043,-0.13421616,0.8564865434686488,-0.216,1.3783816597735188,184.79276,-8.906134147714642
782.0,56.1830994,9.0434091,-13.83202099732,70391.12380099301,21455.21453454267,0.02236936,0.49110807833126424,0.036000000000000004,0.7903619424036054,184.79276,2.6079486801934917
782.2,56.1830996,9.0434097,-13.736876640365011,70391.26621000525,21455.2579408096,0.24606296,0.5524824366021567,0.396,0.8891344105364498,184.79276,24.007090703260175
782.4,56.1830998,9.0434102,-13.671259842464991,70391.39156787052,21455.296149886934,0.26843232,0.2500970478658235,0.432,0.4024922359499622,184.79276,47.02514314800429
782.6,56.1830998,9.0434105,-13.727034120680003,70391.45268742378,21455.314779126766,-0.11184680000000001,0.24606296,-0.18000000000000002,0.396,184.79276,-24.44395478041654
782.8,56.1830993,9.0434104,-13.776246719105018,70391.63647293931,21455.3707969519,0.17895488,1.1390815492480304,0.28800000000000003,1.8331742961322584,192.07214,8.92844744570216
783.0,56.1830989,9.0434098,-13.602362204670015,70391.8269830711,21455.42886444007,-0.22369360000000002,0.6076895102809369,-0.36000000000000004,0.9779815949188411,192.07214,-20.20891788492613
783.2,56.1830988,9.0434088,-13.441601049815006,70392.03396410447,21455.49195225904,-0.40264848,0.8065387447931315,-0.648,1.2979984591670364,192.07214,-26.52975420726029
783.4,56.1830983,9.0434075,-13.238188976325006,70392.35569118866,21455.5900146743,-0.51449528,1.5067387187283519,-0.8280000000000001,2.4248612331430435,217.02176,-18.853129209001278
783.6,56.183098,9.0434057,-12.84776902882001,70392.73843384611,21455.706674636294,-0.60397272,1.5212809516964316,-0.9720000000000001,2.4482646915723802,248.28692,-21.65386439425891
783.8,56.1830978,9.0434037,-12.752624671865021,70393.15239592295,21455.832850277315,0.40264848,1.38690032,0.648,2.232,258.4971,16.18920625702694
784.0,56.1830977,9.0434026,-12.621391076064981,70393.37945880285,21455.902059043106,0.44738720000000004,0.6729423314539575,0.7200000000000001,1.0829958448673753,258.4971,33.616853778967084
784.2,56.1830972,9.0434023,-12.385170603625,70393.57206629912,21455.96076580797,-0.3355404,0.6502523244511411,-0.54,1.0464798134699016,258.4971,-27.29444385236139
784.4,56.1830962,9.0434022,-12.267060367405008,70393.93793958379,21456.072283985137,0.26843232,1.1874738463938703,0.432,1.911054159358128,221.98996,12.737809349132505
784.6,56.1830949,9.0434026,-12.089895013074994,70394.41977827197,21456.219148417294,0.35790976,1.6956506070201969,0.5760000000000001,2.728885486787601,187.21932,11.918767755860836
784.8,56.1830938,9.0434031,-11.847112860845016,70394.8343249889,21456.345502256612,0.22369360000000002,0.891412680913641,0.36000000000000004,1.4345898368523318,181.58268,14.087073439703829
785.0,56.1830932,9.0434037,-11.80774278210501,70395.08529063394,21456.421996585224,0.42501784000000004,0.751956608784608,0.684,1.210157014605956,181.58268,29.475824742746074
785.2,56.1830927,9.0434043,-11.804461942209997,70395.30507337463,21456.488986364588,0.51449528,0.42442876440158483,0.8280000000000001,0.6830519745963699,181.58268,50.47934617588706
785.4,56.1830927,9.043404,-11.709317585255008,70395.36619293917,21456.507615607858,-0.44738720000000004,0.8408618322899221,-0.7200000000000001,1.3532361213033002,253.45234,-28.01556401730997
785.6,56.1830926,9.0434038,-11.59448818893,70395.42091724025,21456.524295574825,0.35790976,0.48392324687587884,0.5760000000000001,0.7787990755002216,253.45234,36.486639040290285
785.8,56.1830926,9.0434037,-11.610892388405006,70395.44129042835,21456.53050532256,0.02236936,0.588445987863154,0.036000000000000004,0.9470121435335453,253.45234,2.177010473102101
786.0,56.183093,9.0434034,-11.473097112815026,70395.59968017763,21456.57878251814,-0.04473872,0.6729423314539575,-0.07200000000000001,1.0829958448673753,253.45234,-3.8035551357729247
786.2,56.1830932,9.0434028,-11.35826771648999,70395.74208920673,21456.622188790207,0.06710808,0.6397793387178526,0.108,1.0296251745174065,253.45234,5.988003028286344
786.4,56.1830934,9.0434017,-11.089238845099999,70395.9778030341,21456.694034364784,-0.26843232,1.026312477578933,-0.432,1.6516900435614426,273.64412,-14.657385124192643
786.6,56.1830932,9.0434002,-10.81364829392001,70396.29201308143,21456.78980558721,0.08947744,1.4871839628298955,0.14400000000000002,2.393390899957631,266.60174,3.4430891966905155
786.8,56.1830928,9.0433995,-10.390419947465006,70396.49619433584,21456.85204003355,0.0,0.24092538046024461,0.0,0.3877318661136844,266.60174,0.0
787.0,56.1830926,9.0433995,-10.049212598384997,70396.56925545548,21456.87430906282,-0.08947744,0.2916607710296879,-0.14400000000000002,0.46938257317459076,266.60174,-17.05528008939388
787.2,56.1830923,9.0433996,-9.648950131194994,70396.68072475586,21456.908284905574,-0.38027912,0.26182664599485517,-0.6120000000000001,0.4213691967859065,266.60174,-55.452131666482984
787.4,56.1830919,9.0433997,-9.471784776865007,70396.82826043735,21456.953253781292,0.38027912,0.39638606910209956,0.6120000000000001,0.6379216252800967,266.60174,43.81193602174583
787.6,56.1830912,9.0433997,-9.616141732245012,70397.08397436596,21457.03119538673,0.3355404,0.8102526803745823,0.54,1.3039754598917879,241.26474,22.49533725941802
787.8,56.1830907,9.0433994,-9.557086614134988,70397.27658187094,21457.08990215425,0.20132424,0.43028323081378855,0.324,0.6924738262201685,241.26474,25.07431650169421
788.0,56.1830905,9.0433989,-9.445538057704994,70397.40193975375,21457.12811123693,0.04473872,0.1613077489586263,0.07200000000000001,0.2595996918334072,241.26474,15.501359566936996
788.2,56.1830904,9.0433983,-9.383202099700014,70397.52952066345,21457.166997898206,0.13421616,0.34726585248353115,0.216,0.5588702890653608,241.26474,21.131216775102384
788.4,56.1830901,9.0433981,-9.498031496024993,70397.64644202379,21457.202635528836,0.17895488,0.500194095731647,0.28800000000000003,0.8049844718999244,241.26474,19.685730102414364
788.6,56.1830899,9.0433984,-9.448818897600006,70397.74169709926,21457.23166927584,0.20132424,0.26843232,0.324,0.432,241.26474,36.86989764584402
788.8,56.1830898,9.0433987,-9.47506561676002,70397.81290162033,21457.25337241386,0.11184680000000001,0.38027911999999997,0.18000000000000002,0.612,241.26474,16.389540334034788
789.0,56.1830896,9.0433989,-9.47506561676002,70397.89655683229,21457.278870522463,0.11184680000000001,0.25504994547195653,0.18000000000000002,0.41046315303568964,241.26474,23.678845010030024
789.2,56.1830895,9.0433986,-9.353674540645017,70397.96776135376,21457.300573660606,-0.29080168,0.5733716868610684,-0.468,0.9227524044942933,241.26474,-26.893134789582447
789.4,56.1830894,9.0433974,-9.14370078736502,70398.21495381079,21457.37591792151,-0.17895488,1.0292336764971906,-0.28800000000000003,1.6563912581271372,256.0129,-9.863522305006407
789.6,56.1830891,9.0433967,-9.235564304424997,70398.39481101594,21457.43073839764,0.06710808,0.4320241006240055,0.108,0.6952754849698067,256.0129,8.829426117849291
789.8,56.1830886,9.0433967,-9.274934383165004,70398.57746382603,21457.486410974157,0.04473872,0.5317136172296362,0.07200000000000001,0.8557102313283393,256.0129,4.80957444157113
790.0,56.1830883,9.0433967,-9.330708661379987,70398.68705550837,21457.519814518935,0.08947744,0.11184680000000001,0.14400000000000002,0.18000000000000002,256.0129,38.65980825409009
790.2,56.1830881,9.0433963,-9.383202099700014,70398.7965041183,21457.553174455243,0.0,0.2335429748081633,0.0,0.3758510343207798,256.0129,0.0
790.4,56.183088,9.0433957,-9.40944881886,70398.92408503531,21457.592061118747,0.06710808,0.32028049378001155,0.108,0.5154415582779488,256.0129,11.83393506178643
790.6,56.1830879,9.0433955,-9.402887139070003,70398.97880934137,21457.60874108723,0.08947744,0.1613077489586263,0.14400000000000002,0.2595996918334072,256.0129,29.017140624601524
790.8,56.1830879,9.0433949,-9.294619422535021,70399.10104848605,21457.64599957853,-0.02236936,0.9440293974172084,-0.036000000000000004,1.5192682449126618,270.18504,-1.3574048905304184
791.0,56.183088,9.0433939,-9.222440944845005,70399.30802957685,21457.70908741501,0.73818888,0.5164367785213566,1.1880000000000002,0.8311245394042941,270.18504,55.02337254761353
791.2,56.1830881,9.0433932,-9.11089238841501,70399.45524628788,21457.753959068534,0.31317104,0.6714535191623092,0.5040000000000001,1.0805998334258617,270.18504,25.004704417309853
791.4,56.1830882,9.0433927,-8.96981627292999,70399.56346437393,21457.786943941166,0.04473872,0.24092538046024461,0.07200000000000001,0.3877318661136844,270.18504,10.519734890658617
791.6,56.1830882,9.0433927,-8.809055118075008,70399.56346437393,21457.786943941166,-0.20132424,0.07073812740026414,-0.324,0.11384199576606165,270.18504,-70.64035133887973
791.8,56.1830883,9.0433932,-8.530183727000008,70399.6716824621,21457.81992881444,-0.51449528,0.4739982402894661,-0.8280000000000001,0.7628263236150153,270.18504,-47.34600689864247
792.0,56.1830886,9.0433943,-8.129921259810004,70399.92114875282,21457.89596613985,-0.8724050400000001,0.9127685710178588,-1.4040000000000001,1.4689588149434278,270.18504,-43.70473886752742
792.2,56.1830886,9.0433949,-8.067585301804996,70400.04338789491,21457.93322463036,0.53686464,0.18034754598447966,0.864,0.2902412789387478,270.18504,71.43138895536894
792.4,56.1830887,9.0433952,-8.021653543275022,70400.11459241732,21457.95492776879,0.04473872,0.31156913159211136,0.07200000000000001,0.5014219779786283,270.18504,8.171339556579106
792.6,56.1830888,9.0433952,-7.8937007873700225,70400.15112297887,21457.966062283955,-0.04473872,0.11184680000000001,-0.07200000000000001,0.18000000000000002,270.18504,-21.80140948635181
792.8,56.1830887,9.0433949,-7.828083989470002,70400.22232750055,21457.987765422164,0.0,0.12046269023012231,0.0,0.1938659330568422,270.18504,0.0
793.0,56.1830886,9.0433948,-7.778871391044987,70400.26415510975,21458.000514477448,-0.04473872,0.20256317009364558,-0.07200000000000001,0.32599386497294697,270.18504,-12.454576368475026
793.2,56.1830884,9.0433946,-7.683727034089998,70400.34781032434,21458.026012586855,0.08947744,0.20256317009364558,0.14400000000000002,0.32599386497294697,270.18504,23.83229906189981
793.4,56.1830882,9.0433947,-7.624671915980002,70400.42365882544,21458.04913120999,0.08947744,0.2000776382926588,0.14400000000000002,0.3219937887599697,270.18504,24.094842552110702
793.6,56.1830881,9.0433937,-7.536089238815009,70400.63063991474,21458.11221904601,0.3355404,1.3906835194317593,0.54,2.238088470101216,262.3924,13.564912658172332
793.8,56.1830881,9.0433931,-7.424540682385015,70400.75287905843,21458.149477537005,0.08947744,0.26936276410705323,0.14400000000000002,0.4334974048365226,262.3924,18.375554285684906
794.0,56.1830882,9.0433937,-7.293307086585003,70400.8804599738,21458.18836420001,-0.06710808,0.4718821661498471,-0.108,0.7594208319502435,262.3924,-8.093966446173603
794.2,56.1830885,9.0433944,-7.1161417322550164,70401.0603171826,21458.24318467725,-0.06710808,0.5222179673385741,-0.108,0.8404284621548702,262.3924,-7.322712106703939
794.4,56.1830887,9.0433964,-7.066929133830001,70401.47427935696,21458.369360348,-0.46975656,2.3980120854941336,-0.756,3.8592268655781305,37.5051,-11.08355550453113
794.6,56.1830891,9.0433977,-6.925853018345009,70401.77676574275,21458.461558198385,0.04473872,0.6643360981657306,0.07200000000000001,1.0691454531540598,37.5051,3.8526813654291128
794.8,56.1830894,9.0433967,-6.886482939605003,70402.00810321193,21458.532069858993,0.26843232,0.926912430660029,0.432,1.4917211535672474,21.00843,16.15092966876518
795.0,56.1830895,9.043396,-6.948818897609982,70402.155319918,21458.576941511004,0.26843232,0.09490515688081866,0.432,0.15273506473629428,21.00843,70.52877936550931
795.2,56.1830896,9.0433964,-6.925853018345009,70402.24462586388,21458.604161963307,-0.04473872,0.5164367785213566,-0.07200000000000001,0.8311245394042941,21.00843,-4.951150471114767
795.4,56.1830898,9.043397,-6.768372703384983,70402.38703490165,21458.64756823802,0.0,0.25504994547195653,0.0,0.41046315303568964,21.00843,0.0
795.6,56.1830901,9.0433974,-6.617454068215011,70402.52360505774,21458.689194821593,-0.06710808,0.25504994547195653,-0.108,0.4104631530356897,21.00843,-14.7413932182722
795.8,56.1830903,9.0433978,-6.512467191575013,70402.63305366425,21458.72255475686,0.11184680000000001,0.21221438220079242,0.18000000000000002,0.34152598729818495,21.00843,27.791305644779218
796.0,56.1830904,9.0433983,-6.450131233570005,70402.74127174444,21458.7555396277,0.0,0.3042561903392863,0.0,0.489652938314476,21.00843,0.0
796.2,56.1830906,9.0433987,-6.364829396299996,70402.85072035126,21458.788899563056,0.06710808,0.17895488,0.108,0.28800000000000003,21.00843,20.556045219583464
796.4,56.1830908,9.0433991,-6.272965879240019,70402.96016895726,21458.822259498163,0.11184680000000001,0.29080168,0.18000000000000002,0.468,21.00843,21.037511025421818
796.6,56.1830909,9.0433995,-6.177821522285001,70403.04947489887,21458.849479949167,0.04473872,0.19112389562035617,0.07200000000000001,0.30758413483143116,21.00843,13.174712159567619
796.8,56.1830908,9.0433996,-6.079396325434999,70403.09130250565,21458.862229003716,0.13421616,0.3861550252285484,0.216,0.6214563540587545,21.00843,19.165951986178076
797.0,56.1830906,9.0433996,-5.958005249319996,70403.16436362993,21458.884498034397,0.13421616,0.6948918458805399,0.216,1.118320168824653,21.00843,10.931884440005737
797.2,56.1830902,9.0434009,-5.803805774255011,70403.46685000612,21458.976695881858,-0.73818888,1.7432320397281311,-1.1880000000000002,2.805460390025138,80.59208,-22.95070988723797
797.4,56.1830899,9.0434019,-5.833333333310009,70403.69818747214,21459.0472075415,0.6710808,0.7006289244244899,1.08,1.1275531029623393,80.59208,43.76597722807105
797.6,56.1830895,9.0434019,-5.859580052469994,70403.84430971836,21459.09174560215,0.35790976,0.5164367785213566,0.5760000000000001,0.8311245394042941,80.59208,34.723388723934825
797.8,56.1830892,9.043402,-5.862860892365006,70403.95577901675,21459.125721444296,0.22369360000000002,0.3606950919689593,0.36000000000000004,0.5804825578774956,80.59208,31.8061000193785
798.0,56.183089,9.0434016,-5.833333333310009,70404.0652276245,21459.159081379938,0.17895488,0.3957543777539357,0.28800000000000003,0.6369050164663488,80.59208,24.331851857156334
798.2,56.1830889,9.0434013,-5.849737532784985,70404.13643214559,21459.18078451797,0.15658552,0.1613077489586263,0.25200000000000006,0.2595996918334072,80.59208,44.148947407668004
798.4,56.1830887,9.0434012,-5.8169291338350035,70404.2122806443,21459.203903140373,0.17895488,0.22369360000000002,0.28800000000000003,0.36000000000000004,80.59208,38.65980825409009
798.6,56.1830885,9.043401,-5.807086614149995,70404.29593586086,21459.229401250384,0.08947744,0.3407199405667758,0.14400000000000002,0.5483356636222014,80.59208,14.714353588433495
798.8,56.1830885,9.0434008,-5.734908136460007,70404.33668224142,21459.24182074718,0.20132424,0.11406180314658192,0.324,0.1835647024893403,80.59208,60.46594274953639
799.0,56.1830884,9.0434006,-5.7841207348849935,70404.39140654504,21459.258500714917,0.15658552,0.16285139895287606,0.25200000000000006,0.2620839560140987,80.59208,43.87626519092859
799.2,56.1830883,9.0434005,-5.7611548556200205,70404.4332341533,21459.271249769914,0.24606296,0.19242851073557268,0.396,0.3096837096135346,80.59208,51.97354121092493
799.4,56.1830882,9.0434003,-5.774278215200013,70404.48795846094,21459.287929738883,0.02236936,0.0500194095731647,0.036000000000000004,0.08049844718999243,80.59208,24.094842552110702
799.6,56.1830882,9.0434002,-5.734908136460007,70404.50833165139,21459.29413948733,0.02236936,0.11184680000000001,0.036000000000000004,0.18000000000000002,80.59208,11.309932474020213
799.8,56.1830883,9.0434002,-5.65288713908501,70404.54486221759,21459.305274003906,-0.11184680000000001,0.11406180314658192,-0.18000000000000002,0.1835647024893403,80.59208,-44.43824067114979
800.0,56.1830883,9.0433998,-5.662729658770019,70404.62635497986,21459.330112997846,-0.04473872,0.5100998909439131,-0.07200000000000001,0.8209263060713793,80.59208,-5.012346376969023
800.2,56.183088,9.0433986,-5.731627296565023,70404.89427282351,21459.41177435659,0.3355404,1.204626902301223,0.54,1.9386593305684219,131.59078,15.564806661388419
800.4,56.1830879,9.0433978,-5.738188976354991,70405.06130205351,21459.462684865895,-0.11184680000000001,0.1613077489586263,-0.18000000000000002,0.2595996918334072,131.59078,-34.73648128125796
800.6,56.183088,9.0433978,-5.656167978979994,70405.09783261738,21459.473819381765,-0.06710808,0.02236936,-0.108,0.036000000000000004,131.59078,-71.56505117707799
800.8,56.1830881,9.0433978,-5.623359580030012,70405.13436318125,21459.484953897634,0.13421616,0.09223123405746668,0.216,0.1484318025222358,131.59078,55.50376270990906
801.0,56.1830882,9.0433979,-5.528215223074994,70405.17619078771,21459.497702952085,0.02236936,0.14147625480052828,0.036000000000000004,0.2276839915321233,131.59078,8.984876931685683
801.2,56.1830883,9.0433982,-5.4101049868550035,70405.24739531214,21459.51940609113,0.04473872,0.1360675048347518,0.07200000000000001,0.2189794510907359,131.59078,18.20076026453332
801.4,56.1830885,9.0433986,-5.318241469794998,70405.35684391994,21459.552766026787,-0.04473872,0.3226154979172526,-0.07200000000000001,0.5191993836668144,131.59078,-7.895142105045791
801.6,56.1830887,9.0433992,-5.219816272944996,70405.4992529631,21459.59617230314,-0.17895488,0.41247061800237844,-0.28800000000000003,0.6638072009250879,131.59078,-23.45413731599608
801.8,56.1830891,9.0434011,-5.193569553785011,70405.91300512866,21459.722283963205,0.08947744,2.1156495566638327,0.14400000000000002,3.4048083646513794,85.79864,2.421774542737636
802.0,56.1830895,9.0434024,-5.154199475045004,70406.2154915126,21459.814481813028,0.17895488,0.23030665705058895,0.28800000000000003,0.370642685075532,85.79864,37.84823174503737
802.2,56.1830897,9.0434028,-5.28871391074,70406.32494011801,21459.847841747956,0.26843232,0.6579026149745143,0.432,1.0587917642293976,85.79864,22.19606077217949
802.4,56.1830901,9.0434032,-5.318241469794998,70406.49225055167,21459.898837968136,-0.02236936,0.6521733103923832,-0.036000000000000004,1.049571341072154,85.79864,-1.9644588897287396
802.6,56.1830905,9.0434033,-5.337926509164987,70406.63978623673,21459.94380684494,-0.02236936,0.23030665705058895,-0.036000000000000004,0.370642685075532,85.79864,-5.547656273789921
802.8,56.1830906,9.0434032,-5.3707349081150255,70406.68161384545,21459.956555900077,0.0,0.2730528369283689,0.0,0.4394360021664133,85.79864,0.0
803.0,56.1830908,9.0434029,-5.501968503915009,70406.7768689211,21459.985589647134,-0.04473872,0.3042561903392863,-0.07200000000000001,0.489652938314476,85.79864,-8.364994453540968
803.2,56.1830909,9.0434026,-5.554461942235008,70406.848073439,21460.007292784194,0.04473872,0.29080168,0.07200000000000001,0.468,85.79864,8.74616226255521
803.4,56.183091,9.0434024,-5.538057742760003,70406.9027977391,21460.023972750863,0.06710808,0.22369360000000002,0.108,0.36000000000000004,85.79864,16.69924423399362
803.6,56.1830911,9.0434023,-5.633202099715021,70406.9446253487,21460.036721806267,0.17895488,0.1500582287194941,0.28800000000000003,0.24149534156997732,85.79864,50.01930949246517
803.8,56.183091,9.0434019,-5.803805774255011,70407.03393129168,21460.063942257686,0.13421616,0.39638606910209956,0.216,0.6379216252800967,85.79864,18.706079233649348
804.0,56.1830907,9.0434012,-5.944881889740003,70407.21378849071,21460.118762731952,0.13421616,0.7203489659057999,0.216,1.1592894375435328,85.79864,10.55438541308575
804.2,56.1830902,9.0434003,-5.9809711285850256,70407.47259819343,21460.19764792934,-0.11184680000000001,0.9333680798674837,-0.18000000000000002,1.5021105152418046,85.79864,-6.833250059188389
804.4,56.1830897,9.0433995,-6.0597112860649816,70407.71739674061,21460.272262526523,0.29080168,0.9083723091161633,0.468,1.4618837163057807,104.57722,17.75168269414184
804.6,56.1830892,9.0433989,-6.1876640419700095,70407.93717948554,21460.339252307178,0.22369360000000002,0.5279358527443909,0.36000000000000004,0.8496305079268281,104.57722,22.9630339981844
804.8,56.1830891,9.0433985,-6.30577427819,70408.02648543139,21460.36647275947,0.08947744,0.1703599702833879,0.14400000000000002,0.2741678318111007,104.57722,27.70961078526245
805.0,56.183089,9.0433983,-6.361548556405012,70408.08120973452,21460.383152727067,0.08947744,0.2766937021724,0.14400000000000002,0.4452954075667073,104.57722,17.92021313939229
805.2,56.183089,9.043398,-6.3779527558799884,70408.14232930493,21460.401781972127,0.08947744,0.24707765692342804,0.14400000000000002,0.3976329966187414,104.57722,19.907498877473614
805.4,56.183089,9.0433977,-6.469816272939994,70408.20344887534,21460.420411217186,0.11184680000000001,0.2335429748081633,0.18000000000000002,0.3758510343207798,104.57722,25.590372908261333
805.6,56.183089,9.043397,-6.5780839894750045,70408.34606120618,21460.463879455627,-0.11184680000000001,0.6023134511506115,-0.18000000000000002,0.9693296652842109,104.57722,-10.519734890658619
805.8,56.1830891,9.0433958,-6.617454068215011,70408.59325366537,21460.53922371719,0.08947744,1.048500368231071,0.14400000000000002,1.687397996917147,214.65846,4.877717398062084
806.0,56.1830891,9.043395,-6.548556430420007,70408.75623918617,21460.58890170393,0.20132424,0.3001164574389882,0.324,0.48299068313995464,214.65846,33.854514812620515
806.2,56.1830891,9.0433949,-6.3582677165099994,70408.7766123765,21460.59511145234,0.02236936,0.2248092857240768,0.036000000000000004,0.36179552236035206,214.65846,5.6824384835168384
806.4,56.1830892,9.0433949,-6.266404199449994,70408.81314293922,21460.606245967858,-0.02236936,0.21103212017618173,-0.036000000000000004,0.3396233207540378,214.65846,-6.050746015911745
806.6,56.1830897,9.0433965,-6.082677165330011,70409.18679942022,21460.720136463264,-0.08947744,2.0755342899995286,-0.14400000000000002,3.3402490925079227,93.42324,-2.4685244771618313
806.8,56.1830902,9.0433973,-6.1876640419700095,70409.4315979674,21460.794751060446,0.04473872,0.6397793387178526,0.07200000000000001,1.0296251745174065,93.42324,4.000088272766774
807.0,56.1830908,9.0433967,-6.1876640419700095,70409.68256361605,21460.871245390153,-0.24606296,1.320550305679968,-0.396,2.125219988612944,41.94508,-10.555084387828995
807.2,56.1830921,9.0433956,-6.266404199449994,70410.2076831573,21461.03130182633,0.80529696,2.0985511993256893,1.296,3.3772912222667446,350.93388,20.993780117189235
807.4,56.1830931,9.043395,-6.384514435670013,70410.59289815904,21461.148715358857,0.62634208,0.8279685534663451,1.0080000000000002,1.3324863976791659,351.68344,37.10679542797374
807.6,56.1830936,9.043395,-6.437007873990012,70410.77555096918,21461.204387935388,-0.29080168,0.33628521867451977,-0.468,0.5411986696214247,351.68344,-40.851517135625464
807.8,56.183094,9.0433952,-6.450131233570005,70410.92724796418,21461.250625179466,0.26843232,0.5442700193390072,0.432,0.8759178043629436,351.68344,26.252375117720685
808.0,56.1830941,9.0433954,-6.446850393674993,70410.98197226234,21461.267305145542,-0.13421616,0.18034754598447966,-0.216,0.2902412789387478,351.68344,-36.656932954482045
808.2,56.1830937,9.0433951,-6.496062992100008,70411.14036200989,21461.315582340594,0.04473872,0.8880382359402831,0.07200000000000001,1.429159193372103,271.06076,2.8840813193288075
808.4,56.1830932,9.0433943,-6.535433070840014,70411.38516054375,21461.390196933717,-0.22369360000000002,0.8375824437433363,-0.36000000000000004,1.347958456333132,255.6578,-14.953019245657373
808.6,56.1830927,9.0433937,-6.610892388425015,70411.60494328444,21461.45718671308,0.06710808,0.6018979192272976,0.108,0.9686609313893073,255.6578,6.36186811670639
808.8,56.1830923,9.0433933,-6.722440944855009,70411.77225371545,21461.508182932448,-0.13421616,0.5461056738567378,-0.216,0.8788720043328266,255.6578,-13.807889908837263
809.0,56.1830921,9.0433932,-6.5780839894750045,70411.84810221144,21461.531301554027,-0.3355404,0.25308041834884976,-0.54,0.4072935059634514,255.6578,-52.97467653237742
809.2,56.183091,9.0433929,-6.519028871365009,70412.25455998097,21461.655189882174,-0.8947744000000001,2.31693015137129,-1.4400000000000002,3.728738124352527,197.51818,-21.116043811454947
809.4,56.1830901,9.0433929,-6.335301837244998,70412.58333503499,21461.75540051864,0.11184680000000001,0.2864675823837217,0.18000000000000002,0.4610249450951651,197.51818,21.327384083465386
809.6,56.1830899,9.0433932,-6.414041994725011,70412.67859011046,21461.784434265643,0.26843232,0.48288811575071255,0.432,0.7771331932172245,197.51818,29.069212727688036
809.8,56.1830896,9.0433934,-6.473097112835006,70412.79551146977,21461.82007189596,0.26843232,0.38290176569874007,0.432,0.6162207396704529,197.51818,35.032279905187316
810.0,56.1830894,9.0433933,-6.564960629895012,70412.87135997061,21461.843190519015,0.08947744,0.32028049378001155,0.14400000000000002,0.5154415582779488,197.51818,15.608881441697406
810.2,56.1830892,9.043393,-6.656824146954989,70412.96661504768,21461.87222426651,0.15658552,0.3536906370013207,0.25200000000000006,0.5692099788303083,197.51818,23.879876253764905
810.4,56.1830891,9.043393,-6.768372703384983,70413.0031456104,21461.883358782026,0.02236936,0.22812360629316383,0.036000000000000004,0.3671294049786806,197.51818,5.600409184816616
810.6,56.183089,9.0433931,-6.804461942230006,70413.04497321747,21461.896107836663,-0.06710808,0.12046269023012231,-0.108,0.1938659330568422,197.51818,-29.121568070351433
810.8,56.1830889,9.0433931,-6.9881889763499885,70413.08150377903,21461.907242351826,0.02236936,0.0500194095731647,0.036000000000000004,0.08049844718999243,197.51818,24.094842552110702
811.0,56.1830889,9.0433929,-7.11942257215,70413.12225015917,21461.919661848493,-0.06710808,0.11184680000000001,-0.108,0.18000000000000002,197.51818,-30.96375653207352
811.2,56.1830888,9.0433925,-7.227690288685011,70413.21155610592,21461.946882301065,0.06710808,0.3001164574389882,0.108,0.48299068313995464,197.51818,12.604382648379183
811.4,56.1830887,9.0433922,-7.349081364799986,70413.28276062729,21461.96858543918,0.17895488,0.18034754598447966,0.28800000000000003,0.2902412789387478,197.51818,44.777921110968556
811.6,56.1830885,9.0433923,-7.460629921230009,70413.358609125,21461.99170406128,-0.02236936,0.24196162343793942,-0.036000000000000004,0.3893995377501108,197.51818,-5.281982452343408
811.8,56.1830879,9.0433928,-7.680446194194985,70413.60030733187,21462.065373674737,0.11184680000000001,1.180500454495777,0.18000000000000002,1.8998315714820615,186.19518,5.412346089613211
812.0,56.1830876,9.0433934,-7.601706036715001,70413.7644802433,21462.115413578143,0.04473872,0.08065387447931315,0.07200000000000001,0.1297998459167036,186.19518,29.017140624601524
812.2,56.1830875,9.0433936,-7.5984251968199885,70413.8192045484,21462.132093546337,0.02236936,0.26182664599485517,0.036000000000000004,0.4213691967859065,186.19518,4.883250449013462
812.4,56.1830876,9.0433933,-7.64435695535002,70413.8904090714,21462.15379668495,-0.11184680000000001,0.47452578440409326,-0.18000000000000002,0.7636753236814713,186.19518,-13.262676008304846
812.6,56.1830879,9.0433929,-7.677165354300001,70414.02697922467,21462.195423267665,0.06710808,0.12046269023012231,0.108,0.1938659330568422,186.19518,29.121568070351433
812.8,56.183088,9.0433927,-7.713254593144995,70414.081703531,21462.212103236234,0.0,0.07073812740026414,0.0,0.11384199576606165,186.19518,0.0
813.0,56.1830881,9.0433926,-7.716535433040008,70414.12353114136,21462.224852291874,-0.08947744,0.1000388191463294,-0.14400000000000002,0.16099689437998485,186.19518,-41.810314895778596
813.2,56.1830881,9.0433927,-7.769028871360007,70414.14390433185,21462.231062040337,-0.11184680000000001,0.17895488,-0.18000000000000002,0.28800000000000003,186.19518,-32.005383208083494
813.4,56.1830881,9.0433927,-7.801837270310017,70414.14390433185,21462.231062040337,-0.13421616,0.09490515688081866,-0.216,0.15273506473629428,186.19518,-54.735610317245346
813.6,56.183088,9.0433927,-7.847769028839991,70414.18043489572,21462.242196556206,-0.17895488,0.06710808,-0.28800000000000003,0.108,186.19518,-69.44395478041653
813.8,56.183088,9.0433926,-7.8937007873700225,70414.20080808627,21462.248406304683,-0.11184680000000001,0.04473872,-0.18000000000000002,0.07200000000000001,186.19518,-68.19859051364818
814.0,56.183088,9.0433926,-7.844488188945007,70414.20080808627,21462.248406304683,-0.13421616,0.08065387447931315,-0.216,0.1297998459167036,186.19518,-58.99728086612602
814.2,56.1830881,9.0433922,-7.81496062989001,70414.29011403504,21462.27562675787,0.0,0.49059836560614184,0.0,0.7895416391806072,186.19518,0.0
814.4,56.1830881,9.0433919,-7.903543307055003,70414.35123360688,21462.294256003366,0.02236936,0.02236936,0.036000000000000004,0.036000000000000004,186.19518,45.0
814.6,56.1830881,9.0433918,-7.88057742779003,70414.37160679737,21462.30046575183,0.08947744,0.16285139895287606,0.14400000000000002,0.2620839560140987,186.19518,28.786253309145167
814.8,56.1830881,9.0433918,-7.90026246715999,70414.37160679737,21462.30046575183,-0.08947744,0.1613077489586263,-0.14400000000000002,0.2595996918334072,186.19518,-29.017140624601524
815.0,56.1830882,9.0433907,-7.982283464535016,70414.59866973154,21462.369674534162,0.40264848,1.5212809516964316,0.648,2.4482646915723802,222.21594,14.824947616101925
815.2,56.1830882,9.0433893,-8.005249343800017,70414.8838943995,21462.45661101296,0.60397272,0.53686464,0.9720000000000001,0.864,222.21594,48.366460663429805
815.4,56.1830882,9.0433889,-7.972440944850007,70414.96538716163,21462.481450006857,0.02236936,0.14147625480052828,0.036000000000000004,0.2276839915321233,222.21594,8.984876931685683
815.6,56.1830883,9.0433891,-7.81496062989001,70415.02011146928,21462.498129975826,-0.15658552,0.22812360629316383,-0.25200000000000006,0.3671294049786806,222.21594,-34.46595604571382
815.8,56.1830882,9.0433895,-7.680446194194985,70415.10941741828,21462.52535042908,-0.13421616,0.25504994547195653,-0.216,0.4104631530356897,222.21594,-27.754907229130527
816.0,56.1830882,9.0433898,-7.555774278184998,70415.17053698996,21462.54397967453,0.08947744,0.2916607710296879,0.14400000000000002,0.46938257317459076,222.21594,17.05528008939388
816.2,56.1830882,9.0433901,-7.3786089238549835,70415.23165656163,21462.56260891998,0.13421616,0.08065387447931315,0.216,0.1297998459167036,222.21594,58.99728086612602
816.4,56.1830883,9.0433903,-7.234251968475007,70415.28638086928,21462.57928888895,-0.13421616,0.31635052293606225,-0.216,0.5091168824543143,222.21594,-22.98976777360885
816.6,56.1830887,9.0433913,-6.912729658765016,70415.53709664228,21462.655707056558,-0.26843232,1.1614847253918932,-0.432,1.8692287179475926,163.55746,-13.013227073829793
816.8,56.1830887,9.0433924,-6.912729658765016,70415.76120173566,21462.72401428902,0.35790976,0.6239407596702341,0.5760000000000001,1.0041354490306575,163.55746,29.839780466799276
817.0,56.1830884,9.0433941,-7.017716535404986,70416.1244711498,21462.83473880645,0.38027912,1.834423913465631,0.6120000000000001,2.9522195040342107,121.98106,11.711625519062448
817.2,56.1830882,9.0433961,-7.112860892360004,70416.5384333279,21462.96091447834,0.69345016,1.110611128021714,1.116,1.7873555885721228,114.76374,31.980082993035563
817.4,56.1830885,9.0433967,-7.1555118109949944,70416.70260624257,21463.01095438273,-0.17895488,0.541042637953439,-0.28800000000000003,0.8707238368162433,114.76374,-18.302112961294128
817.6,56.1830887,9.043397,-7.280183727004982,70416.79786131947,21463.03998813017,0.559234,0.560574554859948,0.9,0.9021574142022001,114.76374,44.93140961581712
817.8,56.1830889,9.0433975,-7.286745406795006,70416.92321920652,21463.078197214145,0.15658552,0.3001164574389882,0.25200000000000006,0.48299068313995464,114.76374,27.55326483492445
818.0,56.1830892,9.043397,-7.1522309711000105,70417.07284209727,21463.123802271246,-0.71581952,1.001637896124766,-1.1520000000000001,1.6119801487611438,218.42824,-35.5514581246101
818.2,56.1830896,9.0433962,-6.748687664014994,70417.29173931386,21463.190522142864,0.06710808,0.5149813408358482,0.108,0.8287822391919364,218.42824,7.424472189108614
818.4,56.1830897,9.0433961,-6.755249343804991,70417.33356691673,21463.203271196217,-0.06710808,0.4112556798168809,-0.108,0.6618519471906086,218.42824,-9.267756546918932
818.6,56.1830894,9.0433962,-6.7454068241200105,70417.44503621045,21463.237247036945,-0.20132424,0.5833215420593758,-0.324,0.9387651463491815,218.42824,-19.041307617256958
818.8,56.1830892,9.0433963,-6.70275590548502,70417.52088470908,21463.260365659327,-0.31317104,0.21221438220079242,-0.5040000000000001,0.34152598729818495,218.42824,-55.87721871524818
819.0,56.1830892,9.0433965,-6.683070866115003,70417.56163108927,21463.27278515601,-0.24606296,0.12046269023012231,-0.396,0.1938659330568422,218.42824,-63.91545844795296
819.2,56.1830892,9.0433966,-6.643700787374996,70417.58200427917,21463.278994904293,-0.24606296,0.14147625480052828,-0.396,0.2276839915321233,218.42824,-60.10283888220306
819.4,56.1830892,9.0433964,-6.525590551155005,70417.622750659,21463.29141440086,-0.20132424,0.14147625480052828,-0.324,0.2276839915321233,218.42824,-54.9031987724154
819.6,56.1830891,9.0433951,-6.650262467165021,70417.89010956328,21463.37290539489,-0.80529696,1.1889477926877698,-1.296,1.9134262462922371,239.37922,-34.11053248164869
819.8,56.1830888,9.0433943,-6.604330708635018,70418.08651378304,21463.432769401075,0.3355404,0.7073812740026414,0.54,1.1384199576606167,199.67846,25.376933525152303
820.0,56.1830886,9.0433941,-6.624015748005007,70418.1701690004,21463.458267511327,-0.13421616,0.2248092857240768,-0.216,0.36179552236035206,199.67846,-30.83814404628488
820.2,56.1830886,9.0433936,-6.558398950104987,70418.27203495226,21463.489316253457,-0.06710808,0.3689249362298667,-0.108,0.5937272100889432,199.67846,-10.309479553739914
820.4,56.1830887,9.0433926,-6.512467191575013,70418.47901603921,21463.55240408876,-0.04473872,0.8849336910509307,-0.07200000000000001,1.4241629120293786,245.23038,-2.8941821478895866
820.6,56.183089,9.0433916,-6.433727034095,70418.71035351059,21463.622915750035,-0.08947744,0.5461056738567378,-0.14400000000000002,0.8788720043328266,245.23038,-9.305027682630422
820.8,56.1830892,9.043391,-6.397637795250006,70418.85276255237,21463.66632202597,-0.06710808,0.14147625480052828,-0.108,0.2276839915321233,245.23038,-25.376933525152303
821.0,56.1830893,9.0433907,-6.328740157455002,70418.92396707425,21463.688025164236,0.08947744,0.1500582287194941,0.14400000000000002,0.24149534156997732,245.23038,30.80698111710518
821.2,56.1830894,9.0433907,-6.361548556405012,70418.96049763465,21463.699159679047,-0.06710808,0.2766937021724,-0.108,0.4452954075667073,245.23038,-13.63302222536641
821.4,56.1830892,9.0433908,-6.3713910760900205,70419.03634613327,21463.72227830143,0.02236936,0.495166891801849,0.036000000000000004,0.7968939703624316,245.23038,2.5866008438275565
821.6,56.183089,9.0433909,-6.440288713885025,70419.11219463091,21463.74539692351,-0.02236936,0.46115617028733336,-0.036000000000000004,0.7421590126111789,245.23038,-2.7770768047439844
821.8,56.183089,9.0433913,-6.535433070840014,70419.19368739134,21463.77023591689,0.20132424,0.6366431466023773,0.324,1.024577961894555,245.23038,17.548400613792296
822.0,56.1830889,9.0433922,-6.532152230945002,70419.38064968433,21463.827222023796,-0.02236936,0.8905702683636008,-0.036000000000000004,1.4332341050923956,178.40644,-1.4388538719509691
822.2,56.1830888,9.0433929,-6.5223097112600215,70419.52786639256,21463.872093676466,0.02236936,0.5377958889913057,0.036000000000000004,0.8654987001723342,178.40644,2.3818172847515973
822.4,56.1830889,9.0433931,-6.459973753254985,70419.58259069713,21463.8887736445,0.04473872,0.09223123405746668,0.07200000000000001,0.1484318025222358,178.40644,25.87669006082751
822.6,56.1830889,9.0433918,-6.768372703384983,70419.84744216948,21463.969500373274,1.1408373600000001,1.3897836917610797,1.836,2.236640337649306,241.64684,39.38168422303947
822.8,56.1830887,9.0433899,-6.945538057714998,70420.24136738066,21464.08956877764,0.69345016,1.56521594494172,1.116,2.51897121857317,240.1614,23.89516318404769
823.0,56.1830884,9.0433892,-6.912729658765016,70420.42122458646,21464.144389253965,0.20132424,0.14147625480052828,0.324,0.2276839915321233,240.1614,54.9031987724154
823.2,56.1830881,9.0433892,-6.87335958002501,70420.53081627113,21464.177792799448,-0.08947744,0.5164367785213566,-0.14400000000000002,0.8311245394042941,240.1614,-9.829442098586922
823.4,56.1830878,9.0433894,-6.650262467165021,70420.64773763447,21464.213430430995,-0.40264848,0.5733716868610684,-0.648,0.9227524044942933,240.1614,-35.07832964596843
823.6,56.1830871,9.0433904,-5.994094488165018,70420.97468764067,21464.313084792888,-1.87902624,1.9425313176397423,-3.024,3.126201529012485,184.64854,-44.04796983866325
823.8,56.1830866,9.0433914,-5.826771653520012,70421.24830917017,21464.39648463508,0.42501784000000004,0.6085123806785726,0.684,0.979305876628952,184.64854,34.93252363421492
824.0,56.1830869,9.043392,-5.790682414675018,70421.41248208939,21464.446524540857,0.06710808,0.5279358527443909,0.108,0.8496305079268281,184.64854,7.244249485359596
824.2,56.1830872,9.0433925,-5.711942257195005,70421.56210498119,21464.492129598275,0.08947744,0.6502523244511411,0.14400000000000002,1.0464798134699016,184.64854,7.834934924879067
824.4,56.1830874,9.0433932,-5.643044619400001,70421.72234295066,21464.540970131366,-0.02236936,0.559234,-0.036000000000000004,0.9,184.64854,-2.2906100426385296
824.6,56.1830875,9.0433938,-5.547900262444983,70421.84992386882,21464.579856795222,-0.17895488,0.2730528369283689,-0.28800000000000003,0.4394360021664133,184.64854,-33.240253888483934
824.8,56.1830876,9.0433939,-5.472440944860011,70421.89175147729,21464.592605850285,-0.11184680000000001,0.20256317009364558,-0.18000000000000002,0.32599386497294697,184.64854,-28.905619441228154
825.0,56.1830877,9.0433937,-5.387139107590002,70421.9464757823,21464.609285818453,0.06710808,0.29844448644950505,0.108,0.4802999063085481,184.64854,12.672721466485141
825.2,56.1830878,9.0433936,-5.24606299210501,70421.9883033897,21464.622034873188,-0.11184680000000001,0.0500194095731647,-0.18000000000000002,0.08049844718999243,184.64854,-65.90515744788931
825.4,56.1830876,9.0433938,-5.167322834624997,70422.07195860674,21464.64753298334,-0.06710808,0.3641467982895689,-0.108,0.5860375414595894,184.64854,-10.441798171725758
825.6,56.1830876,9.0433939,-5.0393700787199975,70422.0923317975,21464.653742731884,-0.20132424,0.02236936,-0.324,0.036000000000000004,184.64854,-83.6598082540901
825.8,56.1830876,9.0433937,-4.9671916010300095,70422.13307817938,21464.66616222908,-0.13421616,0.22812360629316383,-0.216,0.3671294049786806,184.64854,-30.47035946597974
826.0,56.1830876,9.0433933,-4.865485564284995,70422.21457094277,21464.691001223364,-0.22369360000000002,0.31396892929315673,-0.36000000000000004,0.5052840785142553,184.64854,-35.46875105243288
826.2,56.1830876,9.0433928,-4.806430446175,70422.31643689728,21464.7220499663,-0.22369360000000002,0.42501784000000004,-0.36000000000000004,0.684,184.64854,-27.758540601060023
826.4,56.1830876,9.0433925,-4.753937007855001,70422.37755646992,21464.740679212042,-0.17895488,0.12046269023012231,-0.28800000000000003,0.1938659330568422,184.64854,-56.053704972246045
826.6,56.1830881,9.0433919,-4.822834645650005,70422.59733921959,21464.80766899414,1.05135992,1.254480410016909,1.692,2.018890784564633,242.68018,39.9658337426939
826.8,56.1830887,9.0433912,-4.990157480295011,70422.85883420217,21464.88737266483,0.91714376,0.6533231907628787,1.476,1.0514218943887368,242.68018,54.53600139557759
827.0,56.1830888,9.0433909,-4.996719160085007,70422.93003872354,21464.909075802945,0.04473872,0.29080168,0.07200000000000001,0.468,242.68018,8.74616226255521
827.2,56.1830887,9.0433908,-4.7998687663850035,70422.97186633188,21464.921824857967,-0.42501784000000004,0.08065387447931315,-0.684,0.1297998459167036,242.68018,-79.25498147279647
827.4,56.1830881,9.043392,-4.2290026246549814,70423.3002121566,21465.02190466534,-1.7448100800000002,1.9952666615611,-2.8080000000000003,3.2110708494207976,176.07458,-41.168872169616975
827.6,56.1830876,9.0433929,-3.963254593160002,70423.55902186972,21465.1007898659,-0.15658552,0.13043466207847668,-0.25200000000000006,0.20991426821443082,176.07458,-50.20593450823505
827.8,56.1830876,9.0433931,-3.946850393684997,70423.59976825124,21465.113209362986,0.04473872,0.20623530900118922,0.07200000000000001,0.33190360046254397,176.07458,12.23955829777656
828.0,56.1830876,9.0433936,-3.963254593160002,70423.70163420575,21465.144258105924,-0.08947744,0.280287277429974,-0.14400000000000002,0.45107870710110004,176.07458,-17.70489013658856
828.2,56.1830877,9.0433939,-3.8385826771499865,70423.77283872862,21465.165961244493,-0.08947744,0.13421616,-0.14400000000000002,0.216,176.07458,-33.69006752597979
828.4,56.1830877,9.0433943,-3.7795275590400195,70423.8543314918,21465.19080023871,0.04473872,0.31156913159211136,0.07200000000000001,0.5014219779786283,176.07458,8.171339556579106
828.6,56.1830875,9.0433947,-3.858267716520004,70423.96378010268,21465.224160175305,-0.11184680000000001,0.15658552,-0.18000000000000002,0.25200000000000006,176.07458,-35.53767779197438
828.8,56.1830874,9.0433949,-3.7893700787249998,70424.01850440759,21465.24084014344,0.02236936,0.09223123405746668,0.036000000000000004,0.1484318025222358,176.07458,13.63302222536641
829.0,56.1830873,9.0433948,-3.7171916010350117,70424.06033201612,21465.253589198517,-0.04473872,0.11184680000000001,-0.07200000000000001,0.18000000000000002,176.07458,-21.80140948635181
829.2,56.1830876,9.043394,-3.7532808398800057,70424.25673624246,21465.313453206705,0.49212592,1.2781892235241792,0.792,2.057046426311278,225.6096,21.05760617745611
829.4,56.183088,9.0433931,-3.805774278200005,70424.49119760227,21465.384917029176,0.38027912,0.3536906370013207,0.6120000000000001,0.5692099788303083,225.6096,47.0746658610554
829.6,56.1830882,9.0433926,-3.841863517044999,70424.61655549015,21465.423126113405,0.31317104,0.5632460928912747,0.5040000000000001,0.9064568384650203,225.6096,29.074542089773313
829.8,56.1830881,9.0433923,-3.65157480313502,70424.68776001115,21465.444829251403,-0.29080168,0.37230034905471043,-0.468,0.5991594111753566,225.6096,-37.99319221808861
830.0,56.1830881,9.0433925,-3.4973753280700066,70424.72850639213,21465.457248748327,-0.26843232,0.23030665705058895,-0.432,0.370642685075532,225.6096,-49.371423656749876
830.2,56.1830879,9.0433936,-2.9954068241349887,70424.96422025064,21465.529094332403,-1.4540084,1.4021503130174449,-2.3400000000000003,2.256542487966934,179.90498,-46.04018136894758
830.4,56.1830875,9.0433948,-3.047900262454988,70425.24903834006,21465.615906886058,0.62634208,0.6579026149745143,1.0080000000000002,1.0587917642293976,179.90498,43.5922296890063
830.6,56.1830874,9.0433955,-3.113517060355008,70425.39625505303,21465.660778540172,0.0,0.23030665705058895,0.0,0.370642685075532,179.90498,0.0
830.8,56.1830873,9.0433959,-3.047900262454988,70425.48556100187,21465.68799899338,0.02236936,0.3414534612017234,0.036000000000000004,0.5495161508090549,179.90498,3.748215187840539
831.0,56.1830872,9.043396,-3.0905511810900066,70425.52738861143,21465.700748048774,0.08947744,0.15658552,0.14400000000000002,0.25200000000000006,179.90498,29.74488129694222
831.2,56.1830871,9.0433961,-3.011811023610022,70425.56921621917,21465.71349710361,-0.02236936,0.13043466207847668,-0.036000000000000004,0.20991426821443082,179.90498,-9.731475473157628
831.4,56.1830871,9.0433962,-3.011811023610022,70425.5895894102,21465.719706852233,-0.17895488,0.16285139895287606,-0.28800000000000003,0.2620839560140987,179.90498,-47.69737512151878
831.6,56.1830871,9.0433961,-3.028215223084999,70425.60996260123,21465.725916600855,-0.11184680000000001,0.19242851073557268,-0.18000000000000002,0.3096837096135346,179.90498,-30.166789983634555
831.8,56.1830872,9.043396,-2.946194225710002,70425.65179020897,21465.738665655692,-0.04473872,0.03163505229360622,-0.07200000000000001,0.05091168824543142,179.90498,-54.735610317245346
832.0,56.1830872,9.043396,-2.9363517060249933,70425.65179020897,21465.738665655692,0.04473872,0.0500194095731647,0.07200000000000001,0.08049844718999243,179.90498,41.810314895778596
832.2,56.1830872,9.0433958,-2.982283464554996,70425.69253659091,21465.751085152908,0.15658552,0.07073812740026414,0.25200000000000006,0.11384199576606165,179.90498,65.68873865114777
832.4,56.1830873,9.0433956,-2.9265091863399846,70425.74726089701,21465.767765121407,0.13421616,0.1500582287194941,0.216,0.24149534156997732,179.90498,41.810314895778596
832.6,56.1830874,9.0433954,-2.7591863516949786,70425.80198520227,21465.78444508965,0.0,0.19112389562035617,0.0,0.30758413483143116,179.90498,0.0
832.8,56.1830875,9.0433952,-2.7132545931650043,70425.85670950718,21465.801125057784,0.17895488,0.1000388191463294,0.28800000000000003,0.16099689437998485,179.90498,60.79406775260058
833.0,56.1830875,9.0433952,-2.64435695537,70425.85670950718,21465.801125057784,0.11184680000000001,0.08065387447931315,0.18000000000000002,0.1297998459167036,179.90498,54.20424008529292
833.2,56.1830877,9.043394,-2.572178477680012,70426.11187134328,21465.87889838543,0.26843232,1.4540084,0.432,2.3400000000000003,240.06238,10.459909092929127
833.4,56.1830879,9.0433927,-2.654199475055009,70426.3866152849,21465.962640338832,0.6710808,0.47820229812495374,1.08,0.7695920997515501,240.06238,54.52688714251434
833.6,56.1830879,9.043392,-2.7165354330599882,70426.52922761982,21466.006108578516,0.53686464,0.60397272,0.864,0.9720000000000001,240.06238,41.6335393365702
833.8,56.1830879,9.0433913,-2.6804461942150226,70426.6718399551,21466.04957681831,0.42501784000000004,0.42442876440158483,0.684,0.6830519745963699,240.06238,45.03973356302549
834.0,56.1830879,9.043391,-2.6968503936899992,70426.73295952726,21466.068206063905,0.26843232,0.20256317009364558,0.432,0.32599386497294697,240.06238,52.96123244419047
834.2,56.1830879,9.0433907,-2.6049868766299937,70426.79407909942,21466.0868353095,0.13421616,0.11184680000000001,0.216,0.18000000000000002,240.06238,50.19442890773481
834.4,56.1830879,9.0433906,-2.5426509186250144,70426.81445229001,21466.093045057994,0.13421616,0.08065387447931315,0.216,0.1297998459167036,240.06238,58.99728086612602
834.6,56.183088,9.0433906,-2.4737532808300102,70426.85098285388,21466.104179573864,0.02236936,0.09223123405746668,0.036000000000000004,0.1484318025222358,240.06238,13.63302222536641
834.8,56.183088,9.0433908,-2.3129921259750006,70426.89172923498,21466.11659907082,-0.3355404,0.20256317009364558,-0.54,0.32599386497294697,240.06238,-58.880941211585
835.0,56.1830881,9.0433906,-2.20472440943999,70426.94645354096,21466.133279039284,0.24606296,0.29844448644950505,0.396,0.4802999063085481,240.06238,39.50506463185489
835.2,56.1830881,9.0433902,-2.1784776902800047,70427.02794630366,21466.158118033356,0.29080168,0.2000776382926588,0.468,0.3219937887599697,240.06238,55.471214959051046
835.4,56.183088,9.0433903,-2.1981627296499937,70427.0697739142,21466.170867089048,-0.11184680000000001,0.2500970478658235,-0.18000000000000002,0.4024922359499622,240.06238,-24.094842552110705
835.6,56.183088,9.0433903,-2.047244094479993,70427.0697739142,21466.170867089048,-0.08947744,0.11184680000000001,-0.14400000000000002,0.18000000000000002,240.06238,-38.65980825409009
835.8,56.183088,9.0433904,-1.9389763779449822,70427.09014710475,21466.177076837525,-0.06710808,0.13043466207847668,-0.108,0.20991426821443082,240.06238,-27.22562799856395
836.0,56.183088,9.0433905,-1.8700787401500065,70427.1105202953,21466.183286586,-0.06710808,0.07073812740026414,-0.108,0.11384199576606165,240.06238,-43.491519345092
836.2,56.183088,9.0433907,-1.83070866141,70427.15126667675,21466.19570608307,-0.15658552,0.11406180314658192,-0.25200000000000006,0.1835647024893403,240.06238,-53.92923134920364
836.4,56.1830881,9.0433907,-1.7290026246650143,70427.18779724062,21466.206840598938,0.0,0.06327010458721244,0.0,0.10182337649086284,240.06238,0.0
836.6,56.1830883,9.0433914,-1.3320209973699946,70427.34803520658,21466.255681130962,-1.1408373600000001,0.9783878343513704,-1.836,1.5745627964612907,196.91682,-49.38344427447061
836.8,56.1830882,9.0433934,-1.4862204724350079,70427.75713328662,21466.38037422576,0.29080168,1.5921579568803572,0.468,2.562330189495491,118.72662,10.35076633647997
837.0,56.1830882,9.0433943,-1.3845144356899937,70427.94049200167,21466.436261962106,0.11184680000000001,0.0500194095731647,0.18000000000000002,0.08049844718999243,118.72662,65.90515744788931
837.2,56.1830882,9.0433943,-1.2893700787350042,70427.94049200167,21466.436261962106,0.15658552,0.1000388191463294,0.25200000000000006,0.16099689437998485,118.72662,57.42644430080315
837.4,56.1830882,9.0433942,-1.2532808398900102,70427.96086519212,21466.442471710554,0.17895488,0.04473872,0.28800000000000003,0.07200000000000001,118.72662,75.96375653207353
837.6,56.1830882,9.043394,-1.1942257217800147,70428.00161157336,21466.454891207555,0.13421616,0.07073812740026414,0.216,0.11384199576606165,118.72662,62.208694355220786
837.8,56.1830882,9.0433938,-1.184383202095006,70428.04235795424,21466.467310704447,0.13421616,0.03163505229360622,0.216,0.05091168824543142,118.72662,76.73732399169515
838.0,56.1830883,9.0433937,-1.1450131233549996,70428.08418556675,21466.480059760743,0.08947744,0.12046269023012231,0.14400000000000002,0.1938659330568422,118.72662,36.60427644270565
838.2,56.1830884,9.0433935,-1.1286089238799946,70428.13890987095,21466.49673972866,-0.17895488,0.15817526146803113,-0.28800000000000003,0.25455844122715715,118.72662,-48.5270656910595
838.4,56.1830884,9.0433931,-1.0203412073450124,70428.22040263301,21466.521578722535,-0.02236936,0.16285139895287606,-0.036000000000000004,0.2620839560140987,118.72662,-7.821235506499645
838.6,56.1830883,9.0433925,-0.9383202099699872,70428.34798354845,21466.56046538556,-0.04473872,0.6154623611358108,-0.07200000000000001,0.9904907874382275,118.72662,-4.1575884233741425
838.8,56.1830881,9.0433917,-0.8825459317550042,70428.52659544333,21466.61490629112,-0.04473872,0.44119274222150845,-0.07200000000000001,0.7100309852393768,118.72662,-5.790230257983663
839.0,56.1830876,9.0433904,-0.9481627296549959,70428.8483225871,21466.712968724543,0.53686464,1.6735211768404161,0.864,2.693271616454605,177.09142,17.786211305120723
839.2,56.1830872,9.0433891,-0.9153543307050143,70429.15080898305,21466.80516657803,0.22369360000000002,0.559234,0.36000000000000004,0.9,177.09142,21.80140948635181
839.4,56.1830871,9.0433889,-0.8792650918600202,70429.20553328768,21466.82184654608,-0.13421616,0.18446246811493336,-0.216,0.2968636050444716,177.09142,-36.039893430303856
839.6,56.1830873,9.0433891,-0.7808398950100184,70429.28918850598,21466.84734465662,-0.11184680000000001,0.5303001093220661,-0.18000000000000002,0.8534354105613382,177.09142,-11.909831449346374
839.8,56.1830876,9.0433895,-0.7677165354299973,70429.42575866521,21466.888971241155,-0.06710808,0.6397793387178526,-0.108,1.0296251745174065,177.09142,-5.988003028286344
840.0,56.1830877,9.0433904,-0.6299212598400175,70429.61272096427,21466.94595734991,-0.04473872,0.8547320454633814,-0.07200000000000001,1.3755580685670816,177.09142,-2.996263848313101
840.2,56.1830877,9.0433912,-0.5479002624649922,70429.775706491,21466.99563533846,0.08947744,0.33027964237066265,0.14400000000000002,0.5315336301684025,177.09142,15.158383826479218
840.4,56.1830878,9.0433916,-0.45931758530002753,70429.86501243859,21467.022855791285,0.44738720000000004,0.38027912,0.7200000000000001,0.6120000000000001,177.09142,49.635463426902646
840.6,56.1830874,9.0433921,-0.5610236220450133,70430.04313706778,21467.077148178265,0.69345016,1.0417975574505933,1.116,1.6766108671960827,174.25326,33.648868106045605
840.8,56.183087,9.0433922,-0.4330708661400138,70430.1906727542,21467.12211705548,-1.20794544,0.7813281548157036,-1.9440000000000002,1.2574259421532548,174.25326,-57.104240011769846
841.0,56.1830865,9.043392,-0.2854330708649968,70430.3778152534,21467.179158089242,0.24606296,0.495166891801849,0.396,0.7968939703624316,174.25326,26.42412998860776
841.2,56.1830861,9.0433925,-0.21653543306999268,70430.55593988436,21467.233450476757,0.17895488,0.5729351647674434,0.28800000000000003,0.9220498901903302,174.25326,17.346065292669948
841.4,56.1830857,9.043393,-0.22309711286001743,70430.73406451802,21467.287742865097,0.20132424,0.5202980418413984,0.324,0.8373386411721364,174.25326,21.15345855585688
841.6,56.1830856,9.0433933,-0.0918635170600055,70430.80526904362,21467.3094460045,0.06710808,0.1747102866902393,0.108,0.2811689883326396,174.25326,21.012313789688612
841.8,56.1830856,9.0433935,-0.06561679789999175,70430.84601542761,21467.32186550234,0.0,0.0500194095731647,0.0,0.08049844718999243,174.25326,0.0
842.0,56.1830855,9.0433938,-0.10170603674501422,70430.91721995275,21467.3435686416,0.08947744,0.24196162343793942,0.14400000000000002,0.3893995377501108,174.25326,20.294400347770086
842.2,56.1830855,9.043394,0.0,70430.9579663365,21467.355988139367,0.08947744,0.08947744,0.14400000000000002,0.14400000000000002,174.25326,45.0
