time,lat,lon,hMSL,velN,velE,velD,hAcc,vAcc,sAcc,heading,cAcc,gpsFix,numSV
,(deg),(deg),(m),(m/s),(m/s),(m/s),(m),(m),(m/s),(deg),(deg),,
2022-07-24T06:01:10.00Z,56.1832942,9.0425953,111.093,0.07,0.08,0.06,103.845,95.307,0.72,0.00000,180.00000,3,4
2022-07-24T06:01:10.20Z,56.1832933,9.0425901,111.162,0.17,-0.10,0.21,67.181,65.023,1.45,0.00000,180.00000,3,4
2022-07-24T06:01:10.40Z,56.1833270,9.0425074,109.767,0.00,0.00,0.08,59.670,66.624,1.27,0.00000,180.00000,3,5
2022-07-24T06:01:10.60Z,56.1833349,9.0424930,109.098,0.00,-0.07,0.07,52.664,60.795,1.03,0.00000,180.00000,3,5
2022-07-24T06:01:10.80Z,56.1833032,9.0424816,105.619,-0.05,0.03,-0.03,42.077,52.086,0.52,0.00000,180.00000,3,6
2022-07-24T06:01:11.00Z,56.1832873,9.0424744,103.670,-0.10,-0.02,-0.02,35.959,46.519,0.67,0.00000,180.00000,3,6
2022-07-24T06:01:11.20Z,56.1832757,9.0424752,101.874,0.05,0.02,0.08,31.880,43.501,0.57,0.00000,180.00000,3,7
2022-07-24T06:01:11.40Z,56.1832677,9.0424757,100.721,-0.04,0.00,0.01,28.844,40.812,0.78,0.00000,180.00000,3,7
2022-07-24T06:01:11.60Z,56.1832607,9.0424747,99.781,0.09,0.02,0.01,26.474,38.662,0.57,0.00000,180.00000,3,7
2022-07-24T06:01:11.80Z,56.1832543,9.0424703,98.805,-0.05,0.02,0.01,24.314,37.206,0.63,0.00000,180.00000,3,8
2022-07-24T06:01:12.00Z,56.1832491,9.0424678,98.010,-0.01,-0.05,-0.04,22.592,35.530,0.35,0.00000,180.00000,3,8
2022-07-24T06:01:12.20Z,56.1832488,9.0424665,97.145,0.07,-0.01,-0.04,21.257,34.546,0.72,0.00000,180.00000,3,9
2022-07-24T06:01:12.40Z,56.1832136,9.0424180,107.452,-0.03,-0.01,-0.01,19.807,31.986,0.37,0.00000,180.00000,3,10
2022-07-24T06:01:12.60Z,56.1831955,9.0423737,104.247,-0.02,-0.04,0.02,18.724,30.950,0.58,0.00000,180.00000,3,11
2022-07-24T06:01:12.80Z,56.1831879,9.0423483,99.347,-0.03,0.00,0.00,17.914,29.942,0.46,0.00000,180.00000,3,11
2022-07-24T06:01:13.00Z,56.1832957,9.0423882,98.503,0.03,-0.02,-0.03,22.635,40.219,0.63,0.00000,180.00000,3,12
2022-07-24T06:01:13.20Z,56.1833989,9.0423909,104.250,0.01,-0.03,-0.06,27.609,50.668,0.50,0.00000,180.00000,3,14
2022-07-24T06:01:13.40Z,56.1834897,9.0423961,108.873,0.07,0.04,-0.09,30.321,56.693,0.60,0.00000,180.00000,3,14
2022-07-24T06:01:13.60Z,56.1835598,9.0423990,113.576,0.07,0.02,-0.07,31.694,60.486,0.57,0.00000,180.00000,3,14
2022-07-24T06:01:13.80Z,56.1836153,9.0424012,116.935,0.06,-0.03,-0.11,31.540,60.356,0.52,0.00000,180.00000,3,15
2022-07-24T06:01:14.00Z,56.1836680,9.0424062,120.256,0.09,0.04,-0.16,31.426,60.896,0.53,0.00000,142.11724,3,15
2022-07-24T06:01:14.20Z,56.1837077,9.0424092,123.897,0.07,-0.01,-0.06,31.078,61.103,0.48,0.00000,142.11754,3,15
2022-07-24T06:01:14.40Z,56.1837434,9.0424147,126.145,0.09,-0.03,-0.04,30.698,61.304,0.42,0.00000,142.11782,3,15
2022-07-24T06:01:14.60Z,56.1837753,9.0424198,128.143,-0.02,-0.01,-0.08,30.277,61.240,0.37,0.00000,142.11804,3,15
2022-07-24T06:01:14.80Z,56.1838011,9.0424241,130.261,0.04,-0.03,-0.04,29.805,61.014,0.40,0.00000,142.11830,3,15
2022-07-24T06:01:15.00Z,56.1838247,9.0424294,131.954,0.08,-0.02,-0.06,29.320,60.693,0.44,0.00000,142.11856,3,15
2022-07-24T06:01:15.20Z,56.1838473,9.0424358,133.417,0.08,-0.02,-0.09,28.797,60.213,0.46,0.00000,142.11886,3,15
2022-07-24T06:01:15.40Z,56.1838703,9.0424415,134.428,0.06,-0.06,-0.07,28.442,60.147,0.38,0.00000,142.11912,3,14
2022-07-24T06:01:15.60Z,56.1838893,9.0424449,136.036,0.09,0.05,-0.11,28.068,59.932,0.48,0.00000,142.11942,3,14
2022-07-24T06:01:15.80Z,56.1839032,9.0424468,137.949,0.07,-0.05,-0.11,27.550,59.310,0.42,0.00000,142.11968,3,15
2022-07-24T06:01:16.00Z,56.1839167,9.0424517,138.858,0.06,0.00,-0.13,27.171,59.068,0.46,0.00000,142.11998,3,15
2022-07-24T06:01:16.20Z,56.1839560,9.0424663,138.732,0.07,0.01,-0.15,27.090,59.058,0.47,0.00000,142.12028,3,14
2022-07-24T06:01:16.40Z,56.1839852,9.0424706,141.515,0.06,0.02,-0.07,26.732,58.517,0.47,0.00000,142.12058,3,14
2022-07-24T06:01:16.60Z,56.1839881,9.0424661,144.868,0.07,0.04,-0.09,26.265,58.079,0.47,0.00000,142.12088,3,15
2022-07-24T06:01:16.80Z,56.1839956,9.0424696,145.629,0.04,0.05,-0.06,25.995,57.950,0.45,0.00000,142.12116,3,15
2022-07-24T06:01:17.00Z,56.1840030,9.0424733,146.070,0.00,-0.04,-0.02,25.730,57.795,0.26,0.00000,142.12132,3,15
2022-07-24T06:01:17.20Z,56.1840099,9.0424774,146.309,0.01,0.04,-0.07,25.489,57.629,0.43,0.00000,142.12160,3,15
2022-07-24T06:01:17.40Z,56.1840163,9.0424814,146.610,0.03,0.02,-0.03,25.215,57.406,0.43,0.00000,142.12188,3,15
2022-07-24T06:01:17.60Z,56.1840211,9.0424849,147.037,0.05,0.07,-0.10,24.990,57.279,0.43,0.00000,142.12214,3,15
2022-07-24T06:01:17.80Z,56.1840100,9.0424788,148.818,0.01,0.01,-0.04,24.881,58.064,0.46,0.00000,142.12244,3,16
2022-07-24T06:01:18.00Z,56.1840029,9.0424794,148.151,-0.01,-0.08,0.00,24.683,58.004,0.29,0.00000,142.12260,3,16
2022-07-24T06:01:18.20Z,56.1839978,9.0424812,147.113,0.05,0.02,0.03,24.690,58.442,0.27,0.00000,142.12278,3,15
2022-07-24T06:01:18.40Z,56.1839936,9.0424832,146.132,0.04,0.02,-0.09,24.651,58.692,0.45,0.00000,142.12308,3,15
2022-07-24T06:01:18.60Z,56.1839904,9.0424854,144.955,0.03,0.05,-0.07,24.319,58.238,0.43,0.00000,142.12334,3,16
2022-07-24T06:01:18.80Z,56.1839863,9.0424864,144.173,0.03,-0.02,0.04,24.028,57.878,0.28,0.00000,142.12352,3,16
2022-07-24T06:01:19.00Z,56.1839821,9.0424874,143.315,0.05,0.08,-0.08,23.776,57.556,0.40,0.00000,142.12378,3,16
2022-07-24T06:01:19.20Z,56.1839790,9.0424889,142.586,-0.02,0.02,-0.10,23.531,57.312,0.37,0.00000,142.12402,3,16
2022-07-24T06:01:19.40Z,56.1839751,9.0424894,142.176,0.04,0.02,-0.03,23.319,57.149,0.41,0.00000,142.12428,3,16
2022-07-24T06:01:19.60Z,56.1839722,9.0424904,141.660,0.02,-0.01,-0.09,23.134,56.962,0.40,0.00000,142.12452,3,16
2022-07-24T06:01:19.80Z,56.1839692,9.0424914,141.080,0.02,0.00,0.00,22.970,56.795,0.26,0.00000,142.12468,3,16
2022-07-24T06:01:20.00Z,56.1839665,9.0424927,140.417,-0.01,-0.03,-0.04,22.811,56.615,0.28,0.00000,142.12486,3,16
2022-07-24T06:01:20.20Z,56.1839636,9.0424936,139.884,0.04,0.00,-0.03,22.671,56.507,0.39,0.00000,142.12510,3,16
2022-07-24T06:01:20.40Z,56.1839613,9.0424948,139.344,0.06,0.01,-0.02,22.525,56.399,0.35,0.00000,142.12532,3,16
2022-07-24T06:01:20.60Z,56.1839591,9.0424959,138.783,-0.06,-0.03,0.04,22.386,56.277,0.39,0.00000,142.12558,3,16
2022-07-24T06:01:20.80Z,56.1839564,9.0424965,138.401,0.09,-0.02,-0.01,22.265,56.188,0.29,0.00000,142.12576,3,16
2022-07-24T06:01:21.00Z,56.1839542,9.0424975,137.959,-0.01,0.00,-0.01,22.150,56.105,0.26,0.00000,142.12592,3,16
2022-07-24T06:01:21.20Z,56.1839520,9.0424986,137.446,0.01,0.01,-0.04,22.037,56.020,0.42,0.00000,142.12618,3,16
2022-07-24T06:01:21.40Z,56.1839495,9.0424993,137.026,0.00,-0.01,0.02,21.938,55.964,0.30,0.00000,142.12636,3,16
2022-07-24T06:01:21.60Z,56.1839464,9.0424993,136.750,-0.02,-0.06,0.04,21.773,55.723,0.37,0.00000,142.12660,3,16
2022-07-24T06:01:21.80Z,56.1839427,9.0424991,136.467,-0.01,-0.03,0.05,21.630,55.557,0.41,0.00000,142.12686,3,16
2022-07-24T06:01:22.00Z,56.1839408,9.0425009,135.779,0.01,0.04,-0.05,21.567,55.571,0.40,0.00000,142.12710,3,16
2022-07-24T06:01:22.20Z,56.1839381,9.0425018,135.358,-0.06,0.02,0.04,21.501,55.565,0.36,0.00000,142.12734,3,16
2022-07-24T06:01:22.40Z,56.1839360,9.0425031,134.863,-0.03,0.02,-0.03,21.435,55.575,0.28,0.00000,142.12752,3,16
2022-07-24T06:01:22.60Z,56.1839338,9.0425040,134.384,-0.01,-0.04,0.03,21.367,55.554,0.37,0.00000,142.12774,3,16
2022-07-24T06:01:22.80Z,56.1839317,9.0425048,133.971,-0.04,-0.02,0.02,21.286,55.502,0.38,0.00000,142.12800,3,16
2022-07-24T06:01:23.00Z,56.1839296,9.0425055,133.613,0.02,-0.02,-0.03,21.214,55.464,0.33,0.00000,142.12820,3,16
2022-07-24T06:01:23.20Z,56.1839279,9.0425063,133.206,0.01,-0.05,-0.01,21.138,55.413,0.25,0.00000,142.12834,3,16
2022-07-24T06:01:23.40Z,56.1839258,9.0425069,132.920,-0.02,0.00,-0.06,21.062,55.356,0.34,0.00000,142.12856,3,16
2022-07-24T06:01:23.60Z,56.1839253,9.0425086,132.374,0.03,0.04,-0.07,20.976,55.252,0.42,0.00000,142.12882,3,16
2022-07-24T06:01:23.80Z,56.1839241,9.0425096,132.032,-0.03,0.00,-0.03,20.901,55.186,0.25,0.00000,142.12898,3,16
2022-07-24T06:01:24.00Z,56.1839229,9.0425103,131.776,0.00,0.04,0.03,20.826,55.115,0.27,0.00000,142.12916,3,16
2022-07-24T06:01:24.20Z,56.1839218,9.0425110,131.600,-0.02,-0.02,-0.06,20.753,55.047,0.29,0.00000,142.12934,3,16
2022-07-24T06:01:24.40Z,56.1839206,9.0425118,131.261,0.04,0.00,-0.06,20.693,55.005,0.42,0.00000,142.12960,3,16
2022-07-24T06:01:24.60Z,56.1839185,9.0425117,131.244,-0.02,0.02,0.01,20.572,54.802,0.29,0.00000,142.12980,3,16
2022-07-24T06:01:24.80Z,56.1839180,9.0425131,130.778,-0.04,0.00,-0.10,20.532,54.809,0.32,0.00000,142.13000,3,16
2022-07-24T06:01:25.00Z,56.1839170,9.0425139,130.550,0.04,0.02,-0.07,20.487,54.784,0.43,0.00000,142.13028,3,16
2022-07-24T06:01:25.20Z,56.1839158,9.0425145,130.349,0.03,0.00,-0.02,20.436,54.758,0.38,0.00000,142.13052,3,16
2022-07-24T06:01:25.40Z,56.1839156,9.0425167,129.559,-0.04,0.01,-0.01,20.152,54.025,0.24,0.00000,142.13066,3,17
2022-07-24T06:01:25.60Z,56.1839147,9.0425179,129.061,0.01,0.00,-0.06,19.967,53.615,0.40,0.00000,142.13092,3,17
2022-07-24T06:01:25.80Z,56.1839136,9.0425190,128.590,0.05,0.05,-0.07,19.825,53.322,0.41,0.00000,142.13118,3,17
2022-07-24T06:01:26.00Z,56.1839108,9.0425185,128.447,0.00,0.00,-0.06,19.731,53.175,0.40,0.00000,142.13142,3,17
2022-07-24T06:01:26.20Z,56.1839094,9.0425198,127.803,0.05,-0.03,-0.08,19.654,53.059,0.38,0.00000,142.13166,3,17
2022-07-24T06:01:26.40Z,56.1839070,9.0425195,127.645,0.05,0.03,-0.21,19.588,52.973,0.40,0.00000,142.13192,3,17
2022-07-24T06:01:26.60Z,56.1839056,9.0425208,127.048,0.06,0.01,-0.07,19.522,52.881,0.41,0.00000,142.13218,3,17
2022-07-24T06:01:26.80Z,56.1839038,9.0425215,126.632,0.00,-0.03,-0.03,19.464,52.817,0.25,0.00000,142.13234,3,17
2022-07-24T06:01:27.00Z,56.1839032,9.0425230,126.022,0.05,-0.03,-0.07,19.401,52.726,0.38,0.00000,142.13258,3,17
2022-07-24T06:01:27.20Z,56.1839021,9.0425238,125.581,0.05,-0.01,-0.07,19.339,52.639,0.40,0.00000,142.13284,3,17
2022-07-24T06:01:27.40Z,56.1839008,9.0425239,125.324,0.05,-0.06,-0.10,19.296,52.615,0.35,0.00000,142.13306,3,17
2022-07-24T06:01:27.60Z,56.1838996,9.0425244,125.099,0.04,0.08,-0.11,19.234,52.519,0.39,0.00000,142.13330,3,17
2022-07-24T06:01:27.80Z,56.1838984,9.0425250,124.852,0.03,-0.01,-0.02,19.180,52.451,0.34,0.00000,142.13352,3,17
2022-07-24T06:01:28.00Z,56.1838978,9.0425267,124.024,-0.02,0.00,-0.02,18.925,51.770,0.27,0.00000,142.13370,3,18
2022-07-24T06:01:28.20Z,56.1838964,9.0425270,123.578,0.00,-0.01,0.01,18.776,51.432,0.40,0.00000,142.13396,3,18
2022-07-24T06:01:28.40Z,56.1838946,9.0425269,123.298,-0.04,-0.02,0.05,18.660,51.192,0.40,0.00000,142.13420,3,18
2022-07-24T06:01:28.60Z,56.1838938,9.0425273,122.945,-0.07,-0.01,0.06,18.557,50.969,0.39,0.00000,142.13446,3,18
2022-07-24T06:01:28.80Z,56.1838927,9.0425275,122.606,-0.11,-0.02,0.06,18.494,50.867,0.35,0.00000,142.13468,3,18
2022-07-24T06:01:29.00Z,56.1838902,9.0425259,122.943,-0.01,-0.04,0.11,18.638,51.399,0.40,0.00000,142.13494,3,17
2022-07-24T06:01:29.20Z,56.1838889,9.0425260,122.725,-0.02,-0.02,0.15,18.703,51.652,0.40,0.00000,142.13520,3,17
2022-07-24T06:01:29.40Z,56.1838889,9.0425276,122.087,-0.06,-0.08,0.02,18.782,51.941,0.32,0.00000,142.13540,3,17
2022-07-24T06:01:29.60Z,56.1838882,9.0425282,121.838,-0.02,0.04,0.02,18.829,52.137,0.27,0.00000,142.13558,3,17
2022-07-24T06:01:29.80Z,56.1838861,9.0425276,121.951,-0.03,0.00,0.05,18.857,52.297,0.40,0.00000,142.13584,3,17
2022-07-24T06:01:30.00Z,56.1838948,9.0425362,119.579,0.01,0.00,0.00,18.950,52.602,0.27,0.00000,142.13600,3,16
2022-07-24T06:01:30.20Z,56.1838847,9.0425271,124.430,-0.01,0.01,0.01,17.847,48.745,0.34,0.00000,142.13622,3,16
2022-07-24T06:01:30.40Z,56.1838938,9.0425476,121.703,0.01,0.02,-0.02,18.117,49.534,0.35,0.00000,142.13644,3,16
2022-07-24T06:01:30.60Z,56.1838763,9.0425259,129.187,-0.06,0.00,-0.07,18.411,50.462,0.25,0.00000,142.13658,3,16
2022-07-24T06:01:30.80Z,56.1838885,9.0425485,124.734,0.02,-0.06,-0.03,18.499,50.707,0.27,0.00000,142.13676,3,16
2022-07-24T06:01:31.00Z,56.1838862,9.0425503,126.557,0.03,0.00,-0.02,18.539,50.904,0.37,0.00000,142.13700,3,16
2022-07-24T06:01:31.20Z,56.1838696,9.0425345,132.034,0.06,0.00,-0.05,18.859,52.107,0.39,0.00000,142.13724,3,17
2022-07-24T06:01:31.40Z,56.1838752,9.0425506,128.719,-0.06,-0.06,0.07,18.895,52.251,0.40,0.00000,142.13750,3,17
2022-07-24T06:01:31.60Z,56.1838704,9.0425540,129.510,-0.02,-0.03,0.03,18.838,52.176,0.39,0.00000,142.13774,3,17
2022-07-24T06:01:31.80Z,56.1838672,9.0425577,129.913,0.01,-0.04,0.08,18.896,52.683,0.35,0.00000,142.13796,3,18
2022-07-24T06:01:32.00Z,56.1838627,9.0425586,130.788,-0.01,-0.01,-0.02,18.621,51.991,0.28,0.00000,142.13814,3,18
2022-07-24T06:01:32.20Z,56.1838583,9.0425620,129.632,0.00,0.05,-0.09,17.004,46.447,0.37,0.00000,142.13838,3,19
2022-07-24T06:01:32.40Z,56.1838496,9.0425616,129.848,-0.01,-0.04,0.03,16.768,45.925,0.28,0.00000,142.13856,3,19
2022-07-24T06:01:32.60Z,56.1838504,9.0425734,126.588,0.03,0.02,-0.06,16.565,45.411,0.39,0.00000,142.13880,3,19
2022-07-24T06:01:32.80Z,56.1838379,9.0425671,128.007,0.02,-0.02,-0.06,16.446,45.190,0.33,0.00000,142.13900,3,19
2022-07-24T06:01:33.00Z,56.1838296,9.0425667,127.428,-0.02,-0.04,0.01,16.506,45.720,0.25,0.00000,142.13916,3,20
2022-07-24T06:01:33.20Z,56.1838220,9.0425664,126.820,0.06,-0.03,-0.02,16.330,45.352,0.26,0.00000,142.13932,3,20
2022-07-24T06:01:33.40Z,56.1838144,9.0425655,126.309,-0.01,0.01,0.00,16.200,45.073,0.23,0.00000,142.13946,3,20
2022-07-24T06:01:33.60Z,56.1837980,9.0425506,128.491,0.01,-0.01,0.00,16.230,45.331,0.20,0.00000,142.13958,3,20
2022-07-24T06:01:33.80Z,56.1837881,9.0425451,127.759,0.01,-0.02,-0.03,16.270,45.558,0.28,0.00000,142.13976,3,20
2022-07-24T06:01:34.00Z,56.1837869,9.0425506,124.750,0.04,0.00,-0.03,16.132,45.187,0.32,0.00000,142.13998,3,20
2022-07-24T06:01:34.20Z,56.1837726,9.0425362,126.720,-0.05,-0.01,0.02,15.922,44.538,0.31,0.00000,142.14018,3,19
2022-07-24T06:01:34.40Z,56.1837663,9.0425344,125.182,-0.09,-0.02,0.08,16.204,45.654,0.33,0.00000,142.14038,3,20
2022-07-24T06:01:34.60Z,56.1837583,9.0425304,124.371,-0.03,-0.01,0.11,16.140,45.567,0.33,0.00000,142.14058,3,20
2022-07-24T06:01:34.80Z,56.1837535,9.0425282,123.377,-0.05,-0.05,0.11,16.005,45.137,0.32,0.00000,142.14080,3,19
2022-07-24T06:01:35.00Z,56.1837481,9.0425251,122.763,0.00,-0.02,0.07,16.016,45.247,0.30,0.00000,142.14098,3,19
2022-07-24T06:01:35.20Z,56.1837409,9.0425212,122.213,-0.08,0.01,0.09,16.131,45.777,0.33,0.00000,142.14118,3,20
2022-07-24T06:01:35.40Z,56.1837387,9.0425245,120.012,-0.02,-0.01,0.08,15.975,45.392,0.34,0.00000,142.14140,3,20
2022-07-24T06:01:35.60Z,56.1837334,9.0425234,119.394,-0.12,-0.02,0.15,15.856,45.113,0.35,0.00000,142.14162,3,20
2022-07-24T06:01:35.80Z,56.1837275,9.0425214,118.931,-0.10,-0.02,0.11,15.760,44.897,0.33,0.00000,142.14182,3,20
2022-07-24T06:01:36.00Z,56.1837220,9.0425197,118.381,-0.03,-0.04,0.09,15.686,44.752,0.32,0.00000,142.14202,3,20
2022-07-24T06:01:36.20Z,56.1837156,9.0425172,118.348,-0.06,0.02,0.03,15.595,44.579,0.31,0.00000,142.14222,3,20
2022-07-24T06:01:36.40Z,56.1837107,9.0425165,117.760,-0.01,-0.02,-0.01,15.534,44.467,0.20,0.00000,142.14234,3,20
2022-07-24T06:01:36.60Z,56.1837055,9.0425152,117.292,-0.10,0.00,0.08,15.480,44.384,0.34,0.00000,142.14256,3,20
2022-07-24T06:01:36.80Z,56.1837009,9.0425144,116.759,-0.05,-0.03,0.07,15.422,44.265,0.35,0.00000,142.14278,3,20
2022-07-24T06:01:37.00Z,56.1836961,9.0425128,116.442,-0.04,-0.02,0.03,15.386,44.228,0.33,0.00000,142.14300,3,20
2022-07-24T06:01:37.20Z,56.1836915,9.0425114,116.071,-0.01,-0.03,-0.01,15.438,44.568,0.19,0.00000,142.14312,3,21
2022-07-24T06:01:37.40Z,56.1836870,9.0425099,115.714,0.02,-0.02,0.04,15.301,44.226,0.28,0.00000,142.14330,3,21
2022-07-24T06:01:37.60Z,56.1836825,9.0425089,115.317,0.04,0.05,-0.12,15.202,43.995,0.33,0.00000,142.14350,3,21
2022-07-24T06:01:37.80Z,56.1836787,9.0425084,114.737,0.00,0.00,-0.01,15.135,43.849,0.32,0.00000,142.14370,3,21
2022-07-24T06:01:38.00Z,56.1836753,9.0425081,114.145,-0.01,-0.03,0.00,15.074,43.717,0.19,0.00000,142.14382,3,21
2022-07-24T06:01:38.20Z,56.1836703,9.0425071,113.627,-0.03,0.03,-0.03,6.754,10.184,0.20,0.00000,142.14394,3,21
2022-07-24T06:01:38.40Z,56.1836657,9.0425062,113.174,0.02,0.03,-0.09,6.619,9.460,0.32,0.00000,142.14416,3,21
2022-07-24T06:01:38.60Z,56.1836624,9.0425071,112.443,0.06,0.00,0.00,6.526,9.130,0.23,0.00000,142.14430,3,21
2022-07-24T06:01:38.80Z,56.1836595,9.0425074,111.898,0.03,-0.02,-0.03,6.453,8.912,0.29,0.00000,142.14450,3,21
2022-07-24T06:01:39.00Z,56.1836565,9.0425073,111.565,-0.01,0.02,-0.08,6.409,8.771,0.28,0.00000,142.14468,3,20
2022-07-24T06:01:39.20Z,56.1836534,9.0425071,111.231,0.03,0.01,-0.06,6.383,8.676,0.34,0.00000,142.14488,3,20
2022-07-24T06:01:39.40Z,56.1836496,9.0425069,110.827,0.04,0.01,-0.03,6.334,8.570,0.32,0.00000,142.14510,3,21
2022-07-24T06:01:39.60Z,56.1836458,9.0425066,110.434,0.01,0.00,-0.06,6.286,8.474,0.32,0.00000,142.14528,3,21
2022-07-24T06:01:39.80Z,56.1836424,9.0425059,110.076,-0.06,-0.05,-0.01,6.162,8.280,0.23,0.00000,142.14544,3,22
2022-07-24T06:01:40.00Z,56.1836401,9.0425060,109.677,-0.01,-0.04,0.01,6.059,8.109,0.25,0.00000,142.14560,3,22
2022-07-24T06:01:40.20Z,56.1836374,9.0425064,109.360,0.01,0.00,0.04,6.052,8.081,0.27,0.00000,142.14578,3,21
2022-07-24T06:01:40.40Z,56.1836334,9.0425047,109.103,0.01,-0.01,-0.04,6.078,8.103,0.29,0.00000,142.14596,3,21
2022-07-24T06:01:40.60Z,56.1836298,9.0425031,108.869,-0.03,0.02,0.02,6.096,8.116,0.29,0.00000,142.14614,3,20
2022-07-24T06:01:40.80Z,56.1836267,9.0425009,108.624,0.03,-0.05,-0.01,6.018,8.001,0.21,0.00000,142.14628,3,21
2022-07-24T06:01:41.00Z,56.1836233,9.0424995,108.357,-0.04,0.04,-0.07,6.010,7.979,0.23,0.00000,142.14644,3,21
2022-07-24T06:01:41.20Z,56.1836204,9.0424975,108.093,0.01,-0.07,-0.04,5.971,7.916,0.20,0.00000,142.14656,3,21
2022-07-24T06:01:41.40Z,56.1836182,9.0424966,107.814,-0.03,0.04,0.05,5.914,7.827,0.28,0.00000,142.14674,3,21
2022-07-24T06:01:41.60Z,56.1836158,9.0424961,107.533,-0.10,0.03,0.04,5.806,7.676,0.28,0.00000,142.14692,3,22
2022-07-24T06:01:41.80Z,56.1836124,9.0424949,107.265,-0.05,-0.09,0.12,5.761,7.611,0.32,0.00000,142.14712,3,22
2022-07-24T06:01:42.00Z,56.1836094,9.0424945,106.975,-0.04,0.00,0.00,5.660,7.469,0.24,0.00000,142.14726,3,23
2022-07-24T06:01:42.20Z,56.1836070,9.0424951,106.713,0.00,0.02,-0.04,5.570,7.340,0.28,0.00000,142.14744,3,23
2022-07-24T06:01:42.40Z,56.1836038,9.0424944,106.339,-0.04,0.03,0.04,5.513,7.259,0.27,0.00000,142.14762,3,23
2022-07-24T06:01:42.60Z,56.1836006,9.0424941,106.016,-0.01,0.02,0.02,5.476,7.204,0.26,0.00000,142.14778,3,23
2022-07-24T06:01:42.80Z,56.1835980,9.0424934,105.731,-0.03,-0.04,0.02,5.428,7.133,0.28,0.00000,142.14796,3,23
2022-07-24T06:01:43.00Z,56.1835953,9.0424926,105.420,-0.06,-0.01,0.09,5.392,7.079,0.33,0.00000,142.14816,3,23
2022-07-24T06:01:43.20Z,56.1835928,9.0424919,105.171,-0.04,0.01,-0.06,5.359,7.027,0.23,0.00000,142.14830,3,23
2022-07-24T06:01:43.40Z,56.1835900,9.0424912,104.872,-0.09,-0.02,0.07,5.330,6.983,0.33,0.00000,142.14850,3,23
2022-07-24T06:01:43.60Z,56.1835874,9.0424903,104.580,0.02,-0.04,0.07,5.326,6.972,0.27,0.00000,142.14868,3,22
2022-07-24T06:01:43.80Z,56.1835852,9.0424895,104.360,-0.06,0.01,0.04,5.315,6.951,0.32,0.00000,142.14886,3,22
2022-07-24T06:01:44.00Z,56.1835825,9.0424888,104.069,-0.05,0.02,0.03,5.269,6.886,0.29,0.00000,142.14906,3,23
2022-07-24T06:01:44.20Z,56.1835801,9.0424880,103.767,0.01,-0.01,-0.03,5.208,6.803,0.32,0.00000,142.14926,3,23
2022-07-24T06:01:44.40Z,56.1835672,9.0424835,102.652,-0.05,0.03,0.06,4.444,5.822,0.30,0.00000,142.14946,3,24
2022-07-24T06:01:44.60Z,56.1835531,9.0424785,101.578,-0.04,-0.03,0.03,3.897,5.133,0.32,0.00000,142.14966,3,23
2022-07-24T06:01:44.80Z,56.1835369,9.0424735,100.333,-0.08,-0.03,0.04,3.547,4.713,0.29,0.00000,142.14984,3,23
2022-07-24T06:01:45.00Z,56.1835211,9.0424692,98.914,-0.06,0.02,0.05,3.281,4.401,0.28,0.00000,142.15002,3,24
2022-07-24T06:01:45.20Z,56.1835051,9.0424655,97.506,0.00,0.03,0.01,3.048,4.132,0.19,0.00000,142.15014,3,24
2022-07-24T06:01:45.40Z,56.1834907,9.0424627,96.189,-0.01,0.02,-0.05,2.869,3.928,0.28,0.00000,142.15032,3,24
2022-07-24T06:01:45.60Z,56.1834792,9.0424609,95.126,0.08,-0.06,-0.08,2.723,3.759,0.27,0.00000,142.15050,3,24
2022-07-24T06:01:45.80Z,56.1834683,9.0424592,94.059,0.04,0.01,-0.08,2.597,3.613,0.33,0.00000,142.15070,3,24
2022-07-24T06:01:46.00Z,56.1834579,9.0424580,93.102,0.02,-0.02,0.04,2.503,3.508,0.24,0.00000,142.15084,3,24
2022-07-24T06:01:46.20Z,56.1834484,9.0424567,92.126,0.00,0.04,-0.03,2.399,3.386,0.30,0.00000,142.15104,3,24
2022-07-24T06:01:46.40Z,56.1834395,9.0424557,91.199,-0.04,0.04,0.08,2.308,3.275,0.28,0.00000,142.15122,3,24
2022-07-24T06:01:46.60Z,56.1834312,9.0424547,90.301,-0.08,-0.04,0.26,2.223,3.173,0.37,0.00000,142.15146,3,24
2022-07-24T06:01:46.80Z,56.1834231,9.0424534,89.401,-0.08,-0.05,0.13,2.142,3.070,0.34,0.00000,142.15168,3,24
2022-07-24T06:01:47.00Z,56.1834156,9.0424524,88.547,-0.09,0.03,0.11,2.057,2.958,0.31,0.00000,142.15188,3,25
2022-07-24T06:01:47.20Z,56.1834089,9.0424517,87.833,-0.09,-0.04,0.10,1.948,2.808,0.34,0.00000,142.15210,3,25
2022-07-24T06:01:47.40Z,56.1834025,9.0424508,87.215,-0.06,-0.07,0.15,1.882,2.726,0.37,0.00000,142.15234,3,25
2022-07-24T06:01:47.60Z,56.1833975,9.0424504,86.697,-0.01,-0.05,0.05,1.802,2.617,0.37,0.00000,142.15256,3,25
2022-07-24T06:01:47.80Z,56.1833915,9.0424498,86.034,-0.06,-0.02,0.08,1.829,2.668,0.37,0.00000,142.15280,3,24
2022-07-24T06:01:48.00Z,56.1833858,9.0424490,85.451,-0.01,0.00,0.12,1.793,2.627,0.33,0.00000,142.15300,3,24
2022-07-24T06:01:48.20Z,56.1833797,9.0424487,84.744,-0.05,0.06,0.09,1.793,2.638,0.26,0.00000,142.15316,3,24
2022-07-24T06:01:48.40Z,56.1833741,9.0424486,84.145,-0.07,-0.01,0.08,1.740,2.570,0.33,0.00000,142.15338,3,24
2022-07-24T06:01:48.60Z,56.1833683,9.0424474,83.434,0.02,-0.07,0.11,1.703,2.520,0.27,0.00000,142.15356,3,25
2022-07-24T06:01:48.80Z,56.1833631,9.0424462,82.843,0.04,0.03,0.02,1.634,2.425,0.18,0.00000,142.15366,3,25
2022-07-24T06:01:49.00Z,56.1833575,9.0424453,82.184,-0.02,0.00,0.03,1.613,2.400,0.30,0.00000,142.15386,3,25
2022-07-24T06:01:49.20Z,56.1833529,9.0424444,81.696,-0.04,-0.02,0.04,1.574,2.348,0.29,0.00000,142.15402,3,24
2022-07-24T06:01:49.40Z,56.1833482,9.0424432,81.194,0.00,-0.04,0.09,1.547,2.316,0.28,0.00000,142.15420,3,25
2022-07-24T06:01:49.60Z,56.1833440,9.0424422,80.738,0.01,0.03,-0.03,1.521,2.284,0.26,0.00000,142.15438,3,25
2022-07-24T06:01:49.80Z,56.1833402,9.0424418,80.330,-0.07,0.05,0.07,1.498,2.254,0.25,0.00000,142.15454,3,25
2022-07-24T06:01:50.00Z,56.1833361,9.0424413,79.886,0.01,0.00,-0.04,1.475,2.226,0.29,0.00000,142.15472,3,25
2022-07-24T06:01:50.20Z,56.1833324,9.0424405,79.477,-0.01,-0.01,0.08,1.451,2.196,0.27,0.00000,142.15488,3,25
2022-07-24T06:01:50.40Z,56.1833291,9.0424398,79.118,0.01,0.00,0.04,1.431,2.170,0.24,0.00000,142.15504,3,25
2022-07-24T06:01:50.60Z,56.1833259,9.0424391,78.734,0.03,-0.02,-0.06,1.412,2.146,0.27,0.00000,142.15520,3,24
2022-07-24T06:01:50.80Z,56.1833226,9.0424383,78.364,-0.02,-0.02,-0.01,1.393,2.122,0.18,0.00000,142.15532,3,24
2022-07-24T06:01:51.00Z,56.1833196,9.0424381,78.066,-0.02,0.00,0.07,1.379,2.106,0.31,0.00000,142.15550,3,24
2022-07-24T06:01:51.20Z,56.1833167,9.0424382,77.781,-0.02,0.01,0.01,1.365,2.092,0.21,0.00000,142.15564,3,23
2022-07-24T06:01:51.40Z,56.1833140,9.0424380,77.528,0.04,-0.01,-0.02,1.352,2.076,0.24,0.00000,142.15580,3,23
2022-07-24T06:01:51.60Z,56.1833112,9.0424376,77.207,-0.03,-0.03,0.01,1.338,2.059,0.24,0.00000,142.15594,3,23
2022-07-24T06:01:51.80Z,56.1833085,9.0424373,76.911,0.00,-0.02,-0.06,1.323,2.040,0.26,0.00000,142.15610,3,24
2022-07-24T06:01:52.00Z,56.1833058,9.0424370,76.603,0.02,0.04,-0.09,1.308,2.022,0.27,0.00000,142.15628,3,24
2022-07-24T06:01:52.20Z,56.1833031,9.0424369,76.288,0.00,0.00,0.01,1.293,2.004,0.24,0.00000,142.15644,3,24
2022-07-24T06:01:52.40Z,56.1833025,9.0424367,76.225,0.02,0.00,-0.04,1.294,2.005,0.40,0.00000,142.15668,3,24
2022-07-24T06:01:52.60Z,56.1833020,9.0424366,76.160,0.00,-0.03,0.01,1.299,2.010,0.37,0.00000,142.15692,3,24
2022-07-24T06:01:52.80Z,56.1833002,9.0424364,75.971,-0.05,0.00,0.06,1.293,1.998,0.32,0.00000,142.15712,3,24
2022-07-24T06:01:53.00Z,56.1832984,9.0424363,75.777,-0.12,-0.01,0.13,1.283,1.984,0.32,0.00000,142.15732,3,24
2022-07-24T06:01:53.20Z,56.1832963,9.0424360,75.568,-0.01,-0.01,0.18,1.270,1.967,0.29,0.00000,142.15750,3,25
2022-07-24T06:01:53.40Z,56.1832943,9.0424357,75.323,0.01,-0.05,0.04,1.258,1.952,0.24,0.00000,142.15764,3,25
2022-07-24T06:01:53.60Z,56.1832923,9.0424354,75.111,-0.02,0.01,0.02,1.246,1.938,0.27,0.00000,142.15782,3,24
2022-07-24T06:01:53.80Z,56.1832904,9.0424352,74.928,0.03,-0.02,-0.09,1.235,1.924,0.27,0.00000,142.15800,3,24
2022-07-24T06:01:54.00Z,56.1832888,9.0424351,74.749,0.04,-0.02,0.03,1.228,1.917,0.20,0.00000,142.15812,3,25
2022-07-24T06:01:54.20Z,56.1832874,9.0424349,74.617,0.05,-0.04,-0.03,1.221,1.910,0.23,0.00000,142.15824,3,26
2022-07-24T06:01:54.40Z,56.1832859,9.0424343,74.438,-0.02,-0.04,-0.08,1.213,1.899,0.21,0.00000,142.15838,3,26
2022-07-24T06:01:54.60Z,56.1832845,9.0424337,74.279,0.03,-0.02,-0.02,1.205,1.887,0.24,0.00000,142.15854,3,26
2022-07-24T06:01:54.80Z,56.1832831,9.0424336,74.115,0.06,0.01,-0.08,1.197,1.877,0.30,0.00000,142.15872,3,26
2022-07-24T06:01:55.00Z,56.1832816,9.0424335,73.946,0.05,0.07,-0.07,1.191,1.869,0.29,0.00000,142.15890,3,26
2022-07-24T06:01:55.20Z,56.1832805,9.0424334,73.822,0.03,-0.02,0.05,1.187,1.863,0.25,0.00000,142.15906,3,25
2022-07-24T06:01:55.40Z,56.1832791,9.0424333,73.655,0.04,0.05,-0.02,1.181,1.857,0.27,0.00000,142.15924,3,25
2022-07-24T06:01:55.60Z,56.1832779,9.0424326,73.532,-0.06,-0.06,0.07,1.176,1.852,0.32,0.00000,142.15944,3,26
2022-07-24T06:01:55.80Z,56.1832768,9.0424317,73.421,-0.05,-0.04,0.18,1.170,1.846,0.32,0.00000,142.15964,3,26
2022-07-24T06:01:56.00Z,56.1832756,9.0424313,73.291,-0.02,-0.01,0.11,1.165,1.842,0.32,0.00000,142.15984,3,26
2022-07-24T06:01:56.20Z,56.1832744,9.0424310,73.159,-0.03,-0.03,0.10,1.161,1.838,0.34,0.00000,142.16006,3,25
2022-07-24T06:01:56.40Z,56.1832731,9.0424306,73.047,-0.09,-0.03,0.11,1.157,1.835,0.33,0.00000,142.16028,3,25
2022-07-24T06:01:56.60Z,56.1832720,9.0424301,72.954,0.00,-0.03,0.10,1.152,1.831,0.31,0.00000,142.16048,3,25
2022-07-24T06:01:56.80Z,56.1832709,9.0424299,72.850,-0.04,0.03,0.04,1.147,1.827,0.27,0.00000,142.16066,3,25
2022-07-24T06:01:57.00Z,56.1832697,9.0424296,72.736,-0.01,-0.03,-0.07,1.143,1.823,0.25,0.00000,142.16082,3,25
2022-07-24T06:01:57.20Z,56.1832683,9.0424291,72.595,-0.09,-0.03,0.09,1.139,1.819,0.32,0.00000,142.16102,3,25
2022-07-24T06:01:57.40Z,56.1832671,9.0424287,72.477,-0.04,-0.03,0.07,1.134,1.813,0.32,0.00000,142.16122,3,25
2022-07-24T06:01:57.60Z,56.1832659,9.0424284,72.331,0.01,0.02,0.08,1.128,1.807,0.25,0.00000,142.16140,3,25
2022-07-24T06:01:57.80Z,56.1832647,9.0424280,72.201,-0.03,-0.01,0.01,1.123,1.800,0.27,0.00000,142.16156,3,25
2022-07-24T06:01:58.00Z,56.1832635,9.0424273,72.049,-0.04,-0.01,-0.02,1.117,1.794,0.18,0.00000,142.16168,3,26
2022-07-24T06:01:58.20Z,56.1832624,9.0424269,71.955,-0.02,-0.02,0.07,1.114,1.790,0.32,0.00000,142.16188,3,26
2022-07-24T06:01:58.40Z,56.1832611,9.0424267,71.832,-0.02,-0.05,0.04,1.110,1.787,0.30,0.00000,142.16208,3,26
2022-07-24T06:01:58.60Z,56.1832599,9.0424265,71.715,0.00,0.03,-0.01,1.107,1.784,0.25,0.00000,142.16222,3,26
2022-07-24T06:01:58.80Z,56.1832588,9.0424264,71.642,-0.01,0.00,-0.02,1.103,1.781,0.22,0.00000,142.16236,3,26
2022-07-24T06:01:59.00Z,56.1832578,9.0424263,71.563,0.03,0.01,-0.02,1.100,1.778,0.31,0.00000,142.16256,3,26
2022-07-24T06:01:59.20Z,56.1832567,9.0424261,71.463,-0.01,0.01,-0.02,1.097,1.774,0.25,0.00000,142.16272,3,26
2022-07-24T06:01:59.40Z,56.1832556,9.0424260,71.402,-0.01,0.01,-0.04,1.094,1.771,0.29,0.00000,142.16290,3,26
2022-07-24T06:01:59.60Z,56.1832545,9.0424258,71.284,-0.04,0.01,0.07,1.091,1.768,0.31,0.00000,142.16308,3,25
2022-07-24T06:01:59.80Z,56.1832534,9.0424257,71.177,-0.03,-0.01,-0.03,1.088,1.765,0.20,0.00000,142.16320,3,24
2022-07-24T06:02:00.00Z,56.1832524,9.0424256,71.076,0.05,0.00,-0.06,1.085,1.763,0.31,0.00000,142.16342,3,24
2022-07-24T06:02:00.20Z,56.1832515,9.0424255,70.991,-0.07,0.00,0.05,1.083,1.761,0.30,0.00000,142.16360,3,24
2022-07-24T06:02:00.40Z,56.1832504,9.0424254,70.870,-0.02,-0.01,0.01,1.081,1.759,0.29,0.00000,142.16380,3,24
2022-07-24T06:02:00.60Z,56.1832493,9.0424253,70.736,-0.03,-0.02,0.00,1.079,1.757,0.27,0.00000,142.16398,3,24
2022-07-24T06:02:00.80Z,56.1832483,9.0424253,70.637,-0.01,0.03,-0.06,1.077,1.755,0.30,0.00000,142.16416,3,25
2022-07-24T06:02:01.00Z,56.1832473,9.0424253,70.530,0.07,-0.02,0.04,1.074,1.752,0.19,0.00000,142.16428,3,25
2022-07-24T06:02:01.20Z,56.1832463,9.0424247,70.354,-0.04,-0.05,0.06,1.071,1.748,0.32,0.00000,142.16450,3,26
2022-07-24T06:02:01.40Z,56.1832451,9.0424242,70.185,-0.01,-0.03,0.01,1.069,1.745,0.28,0.00000,142.16468,3,26
2022-07-24T06:02:01.60Z,56.1832442,9.0424241,70.081,0.01,0.06,0.08,1.067,1.743,0.21,0.00000,142.16480,3,26
2022-07-24T06:02:01.80Z,56.1832432,9.0424242,69.980,-0.05,0.00,0.06,1.065,1.741,0.32,0.00000,142.16500,3,26
2022-07-24T06:02:02.00Z,56.1832422,9.0424239,69.883,-0.02,-0.02,0.06,1.063,1.738,0.32,0.00000,142.16520,3,25
2022-07-24T06:02:02.20Z,56.1832413,9.0424237,69.821,-0.04,0.05,-0.03,1.060,1.735,0.20,0.00000,142.16532,3,25
2022-07-24T06:02:02.40Z,56.1832403,9.0424234,69.704,0.11,0.02,0.02,1.056,1.730,0.20,0.00000,142.16544,3,25
2022-07-24T06:02:02.60Z,56.1832393,9.0424229,69.564,-0.01,-0.02,0.05,1.052,1.724,0.30,0.00000,142.16564,3,25
2022-07-24T06:02:02.80Z,56.1832383,9.0424222,69.452,0.01,0.01,0.02,1.046,1.717,0.22,0.00000,142.16578,3,25
2022-07-24T06:02:03.00Z,56.1832381,9.0424222,69.462,-0.06,0.02,-0.02,1.050,1.722,0.37,0.00000,142.16600,3,26
2022-07-24T06:02:03.20Z,56.1832369,9.0424213,69.333,-0.04,0.02,0.00,1.047,1.715,0.19,0.00000,142.16614,3,26
2022-07-24T06:02:03.40Z,56.1832358,9.0424203,69.176,0.04,0.01,0.06,1.040,1.706,0.20,0.00000,142.16626,3,26
2022-07-24T06:02:03.60Z,56.1832347,9.0424192,69.044,-0.03,-0.01,-0.03,1.033,1.697,0.17,0.00000,142.16636,3,26
2022-07-24T06:02:03.80Z,56.1832336,9.0424184,68.901,0.00,0.03,-0.03,1.027,1.689,0.22,0.00000,142.16650,3,26
2022-07-24T06:02:04.00Z,56.1832325,9.0424176,68.753,0.01,-0.02,0.05,1.022,1.681,0.22,0.00000,142.16666,3,25
2022-07-24T06:02:04.20Z,56.1832316,9.0424165,68.686,-0.05,0.01,0.04,1.016,1.672,0.24,0.00000,142.16680,3,25
2022-07-24T06:02:04.40Z,56.1832307,9.0424156,68.635,0.00,0.04,-0.03,1.011,1.665,0.22,0.00000,142.16696,3,25
2022-07-24T06:02:04.60Z,56.1832299,9.0424147,68.596,0.02,-0.03,-0.04,1.007,1.657,0.23,0.00000,142.16710,3,25
2022-07-24T06:02:04.80Z,56.1832291,9.0424138,68.558,0.04,0.06,-0.08,1.002,1.650,0.27,0.00000,142.16726,3,25
2022-07-24T06:02:05.00Z,56.1832283,9.0424130,68.508,-0.03,-0.01,-0.05,0.998,1.644,0.19,0.00000,142.16738,3,25
2022-07-24T06:02:05.20Z,56.1832274,9.0424121,68.467,-0.06,-0.01,-0.06,0.994,1.638,0.18,0.00000,142.16750,3,25
2022-07-24T06:02:05.40Z,56.1832265,9.0424113,68.422,0.02,-0.01,-0.08,0.990,1.633,0.27,0.00000,142.16766,3,25
2022-07-24T06:02:05.60Z,56.1832258,9.0424105,68.392,0.02,0.00,-0.02,0.987,1.628,0.29,0.00000,142.16784,3,26
2022-07-24T06:02:05.80Z,56.1832251,9.0424104,68.358,0.03,0.07,-0.04,0.985,1.624,0.22,0.00000,142.16798,3,26
2022-07-24T06:02:06.00Z,56.1832243,9.0424102,68.337,-0.01,0.02,0.02,0.982,1.620,0.19,0.00000,142.16810,3,26
2022-07-24T06:02:06.20Z,56.1832235,9.0424097,68.276,0.03,0.01,0.00,0.979,1.615,0.22,0.00000,142.16824,3,26
2022-07-24T06:02:06.40Z,56.1832228,9.0424094,68.244,0.04,-0.01,-0.05,0.977,1.611,0.27,0.00000,142.16840,3,26
2022-07-24T06:02:06.60Z,56.1832222,9.0424089,68.229,-0.01,-0.02,0.02,0.974,1.606,0.27,0.00000,142.16858,3,26
2022-07-24T06:02:06.80Z,56.1832215,9.0424084,68.202,-0.05,-0.04,0.02,0.971,1.602,0.24,0.00000,142.16872,3,26
2022-07-24T06:02:07.00Z,56.1832207,9.0424079,68.163,-0.06,-0.02,0.07,0.970,1.599,0.30,0.00000,142.16892,3,26
2022-07-24T06:02:07.20Z,56.1832200,9.0424076,68.142,-0.03,0.02,0.01,0.968,1.597,0.20,0.00000,142.16904,3,26
2022-07-24T06:02:07.40Z,56.1832194,9.0424072,68.148,0.04,-0.02,0.00,0.966,1.594,0.18,0.00000,142.16916,3,26
2022-07-24T06:02:07.60Z,56.1832189,9.0424067,68.159,0.04,0.00,-0.08,0.964,1.592,0.30,0.00000,142.16934,3,26
2022-07-24T06:02:07.80Z,56.1832185,9.0424063,68.188,0.03,0.00,-0.07,0.963,1.591,0.31,0.00000,142.16954,3,26
2022-07-24T06:02:08.00Z,56.1832180,9.0424057,68.218,-0.02,0.01,0.00,0.962,1.590,0.20,0.00000,142.16966,3,25
2022-07-24T06:02:08.20Z,56.1832176,9.0424053,68.275,-0.03,0.00,-0.08,0.962,1.589,0.26,0.00000,142.16982,3,25
2022-07-24T06:02:08.40Z,56.1832169,9.0424049,68.269,-0.01,0.08,-0.03,0.962,1.588,0.22,0.00000,142.16996,3,26
2022-07-24T06:02:08.60Z,56.1832165,9.0424048,68.271,0.05,-0.02,0.00,0.963,1.589,0.21,0.00000,142.17010,3,26
2022-07-24T06:02:08.80Z,56.1832160,9.0424042,68.224,0.01,-0.05,-0.12,0.963,1.588,0.25,0.00000,142.17026,3,26
2022-07-24T06:02:09.00Z,56.1832152,9.0424038,68.171,-0.02,-0.03,-0.12,0.961,1.584,0.25,0.00000,142.17042,3,26
2022-07-24T06:02:09.20Z,56.1832144,9.0424035,68.124,0.01,0.01,-0.05,0.959,1.582,0.30,0.00000,142.17062,3,26
2022-07-24T06:02:09.40Z,56.1832135,9.0424031,68.020,0.10,0.06,0.03,0.956,1.576,0.16,0.00000,142.17072,3,26
2022-07-24T06:02:09.60Z,56.1832130,9.0424025,67.976,-0.04,-0.02,0.12,0.954,1.574,0.32,0.00000,142.17092,3,26
2022-07-24T06:02:09.80Z,56.1832122,9.0424020,67.871,-0.08,0.01,0.09,0.952,1.574,0.31,0.00000,142.17112,3,26
2022-07-24T06:02:10.00Z,56.1832115,9.0424014,67.790,-0.01,-0.04,0.09,0.951,1.573,0.32,0.00000,142.17132,3,25
2022-07-24T06:02:10.20Z,56.1832109,9.0424008,67.730,-0.04,0.04,0.03,0.949,1.573,0.22,0.00000,142.17148,3,25
2022-07-24T06:02:10.40Z,56.1832104,9.0424005,67.700,-0.02,0.01,0.02,0.948,1.573,0.29,0.00000,142.17166,3,25
2022-07-24T06:02:10.60Z,56.1832098,9.0424002,67.670,0.00,0.00,-0.05,0.946,1.573,0.33,0.00000,142.17186,3,25
2022-07-24T06:02:10.80Z,56.1832093,9.0423998,67.629,0.00,0.00,0.05,0.945,1.573,0.29,0.00000,142.17204,3,25
2022-07-24T06:02:11.00Z,56.1832084,9.0423994,67.523,-0.01,0.01,-0.01,0.942,1.571,0.19,0.00000,142.17216,3,25
2022-07-24T06:02:11.20Z,56.1832076,9.0423991,67.428,-0.02,-0.03,0.02,0.940,1.568,0.24,0.00000,142.17230,3,25
2022-07-24T06:02:11.40Z,56.1832072,9.0423987,67.419,-0.01,0.00,0.08,0.939,1.567,0.30,0.00000,142.17250,3,25
2022-07-24T06:02:11.60Z,56.1832065,9.0423984,67.368,-0.05,-0.09,0.07,0.938,1.566,0.28,0.00000,142.17268,3,25
2022-07-24T06:02:11.80Z,56.1832058,9.0423982,67.305,-0.03,0.04,0.07,0.938,1.565,0.25,0.00000,142.17282,3,26
2022-07-24T06:02:12.00Z,56.1832052,9.0423979,67.257,-0.05,-0.06,0.09,0.938,1.566,0.33,0.00000,142.17304,3,24
2022-07-24T06:02:12.20Z,56.1832047,9.0423977,67.226,-0.05,0.02,0.01,0.939,1.567,0.25,0.00000,142.17318,3,25
2022-07-24T06:02:12.40Z,56.1832042,9.0423977,67.230,-0.06,0.04,0.00,0.941,1.567,0.20,0.00000,142.17330,3,25
2022-07-24T06:02:12.60Z,56.1832038,9.0423976,67.216,0.03,0.01,0.09,0.942,1.568,0.25,0.00000,142.17346,3,25
2022-07-24T06:02:12.80Z,56.1832034,9.0423975,67.205,0.06,0.02,-0.04,0.943,1.568,0.31,0.00000,142.17366,3,25
2022-07-24T06:02:13.00Z,56.1832029,9.0423973,67.194,-0.01,-0.02,0.04,0.944,1.568,0.32,0.00000,142.17386,3,26
2022-07-24T06:02:13.20Z,56.1832025,9.0423971,67.170,-0.01,-0.02,0.06,0.945,1.568,0.32,0.00000,142.17406,3,26
2022-07-24T06:02:13.40Z,56.1832019,9.0423968,67.157,-0.02,0.01,-0.03,0.946,1.568,0.22,0.00000,142.17422,3,26
2022-07-24T06:02:13.60Z,56.1832014,9.0423965,67.151,0.00,-0.05,0.05,0.947,1.566,0.28,0.00000,142.17440,3,26
2022-07-24T06:02:13.80Z,56.1832009,9.0423962,67.136,0.02,0.01,0.00,0.948,1.566,0.21,0.00000,142.17454,3,26
2022-07-24T06:02:14.00Z,56.1832005,9.0423960,67.132,-0.04,-0.01,0.06,0.949,1.566,0.33,0.00000,142.17474,3,26
2022-07-24T06:02:14.20Z,56.1832001,9.0423960,67.127,0.03,0.08,-0.10,0.951,1.568,0.34,0.00000,142.17496,3,26
2022-07-24T06:02:14.40Z,56.1831995,9.0423961,67.099,-0.01,0.07,-0.07,0.952,1.568,0.29,0.00000,142.17514,3,26
2022-07-24T06:02:14.60Z,56.1831990,9.0423960,67.083,-0.01,-0.04,0.01,0.952,1.568,0.24,0.00000,142.17530,3,26
2022-07-24T06:02:14.80Z,56.1831984,9.0423958,67.045,0.03,0.01,-0.06,0.952,1.568,0.33,0.00000,142.17550,3,26
2022-07-24T06:02:15.00Z,56.1831979,9.0423956,67.007,-0.04,0.04,0.00,0.952,1.567,0.19,0.00000,142.17562,3,26
2022-07-24T06:02:15.20Z,56.1831972,9.0423955,66.971,-0.04,0.00,-0.06,0.951,1.566,0.22,0.00000,142.17576,3,26
2022-07-24T06:02:15.40Z,56.1831968,9.0423952,66.949,0.05,-0.02,-0.02,0.951,1.565,0.23,0.00000,142.17592,3,26
2022-07-24T06:02:15.60Z,56.1831965,9.0423951,66.942,-0.03,0.00,-0.03,0.952,1.566,0.21,0.00000,142.17604,3,26
2022-07-24T06:02:15.80Z,56.1831958,9.0423948,66.895,-0.03,-0.02,-0.03,0.953,1.566,0.17,0.00000,142.17616,3,26
2022-07-24T06:02:16.00Z,56.1831953,9.0423946,66.851,0.02,0.03,0.03,0.952,1.564,0.17,0.00000,142.17626,3,26
2022-07-24T06:02:16.20Z,56.1831948,9.0423944,66.817,-0.04,-0.01,0.03,0.952,1.563,0.30,0.00000,142.17646,3,26
2022-07-24T06:02:16.40Z,56.1831944,9.0423942,66.807,-0.05,-0.04,0.12,0.951,1.561,0.32,0.00000,142.17666,3,26
2022-07-24T06:02:16.60Z,56.1831939,9.0423939,66.779,-0.01,0.00,-0.03,0.950,1.560,0.25,0.00000,142.17682,3,26
2022-07-24T06:02:16.80Z,56.1831934,9.0423936,66.748,-0.05,-0.03,0.03,0.949,1.558,0.28,0.00000,142.17700,3,26
2022-07-24T06:02:17.00Z,56.1831930,9.0423932,66.716,0.00,-0.01,0.03,0.949,1.556,0.30,0.00000,142.17720,3,26
2022-07-24T06:02:17.20Z,56.1831927,9.0423928,66.705,0.03,-0.03,-0.02,0.948,1.554,0.21,0.00000,142.17734,3,26
2022-07-24T06:02:17.40Z,56.1831921,9.0423924,66.633,-0.06,0.04,-0.05,0.947,1.552,0.20,0.00000,142.17746,3,26
2022-07-24T06:02:17.60Z,56.1831916,9.0423921,66.600,0.01,-0.03,-0.01,0.946,1.550,0.17,0.00000,142.17756,3,26
2022-07-24T06:02:17.80Z,56.1831912,9.0423917,66.565,0.04,0.00,0.00,0.945,1.548,0.22,0.00000,142.17770,3,26
2022-07-24T06:02:18.00Z,56.1831907,9.0423914,66.517,-0.05,0.00,0.01,0.944,1.547,0.22,0.00000,142.17786,3,26
2022-07-24T06:02:18.20Z,56.1831900,9.0423910,66.442,-0.01,-0.03,0.03,0.943,1.545,0.29,0.00000,142.17802,3,26
2022-07-24T06:02:18.40Z,56.1831896,9.0423907,66.401,-0.02,0.02,-0.02,0.942,1.543,0.21,0.00000,142.17816,3,26
2022-07-24T06:02:18.60Z,56.1831891,9.0423905,66.362,-0.02,0.01,0.00,0.941,1.541,0.19,0.00000,142.17828,3,26
2022-07-24T06:02:18.80Z,56.1831887,9.0423902,66.346,0.01,-0.01,0.00,0.941,1.539,0.18,0.00000,142.17840,3,26
2022-07-24T06:02:19.00Z,56.1831883,9.0423899,66.307,-0.06,-0.02,0.05,0.941,1.539,0.30,0.00000,142.17860,3,26
2022-07-24T06:02:19.20Z,56.1831879,9.0423896,66.282,-0.02,-0.01,-0.05,0.941,1.538,0.21,0.00000,142.17872,3,26
2022-07-24T06:02:19.40Z,56.1831875,9.0423892,66.238,0.00,-0.01,-0.02,0.942,1.536,0.23,0.00000,142.17888,3,26
2022-07-24T06:02:19.60Z,56.1831871,9.0423889,66.204,0.01,0.02,-0.05,0.943,1.535,0.31,0.00000,142.17906,3,26
2022-07-24T06:02:19.80Z,56.1831867,9.0423886,66.156,0.06,0.02,0.00,0.943,1.535,0.21,0.00000,142.17920,3,26
2022-07-24T06:02:20.00Z,56.1831866,9.0423884,66.111,-0.01,-0.02,-0.05,0.950,1.542,0.36,0.00000,142.17944,3,26
2022-07-24T06:02:20.20Z,56.1831864,9.0423882,66.062,-0.06,0.03,0.06,0.962,1.553,0.41,0.00000,142.17970,3,25
2022-07-24T06:02:20.40Z,56.1831861,9.0423880,66.000,-0.03,0.03,0.03,0.972,1.564,0.36,0.00000,142.17992,3,25
2022-07-24T06:02:20.60Z,56.1831858,9.0423878,65.935,-0.04,-0.01,0.04,0.981,1.576,0.45,0.00000,142.18022,3,25
2022-07-24T06:02:20.80Z,56.1831856,9.0423876,65.878,-0.01,0.00,0.06,0.991,1.588,0.44,0.00000,142.18048,3,25
2022-07-24T06:02:21.00Z,56.1831853,9.0423873,65.811,-0.09,0.01,0.07,1.000,1.600,0.43,0.00000,142.18076,3,26
2022-07-24T06:02:21.20Z,56.1831850,9.0423870,65.752,0.01,0.00,0.04,1.009,1.611,0.38,0.00000,142.18100,3,26
2022-07-24T06:02:21.40Z,56.1831849,9.0423868,65.714,-0.03,0.00,0.04,1.017,1.622,0.43,0.00000,142.18128,3,26
2022-07-24T06:02:21.60Z,56.1831847,9.0423864,65.666,-0.03,-0.04,0.07,1.025,1.631,0.42,0.00000,142.18156,3,26
2022-07-24T06:02:21.80Z,56.1831845,9.0423861,65.634,-0.04,0.02,-0.02,1.033,1.640,0.32,0.00000,142.18176,3,26
2022-07-24T06:02:22.00Z,56.1831842,9.0423857,65.590,-0.03,0.02,0.00,1.041,1.649,0.34,0.00000,142.18198,3,26
2022-07-24T06:02:22.20Z,56.1831840,9.0423853,65.569,0.02,0.05,0.01,1.048,1.657,0.21,0.00000,142.18212,3,26
2022-07-24T06:02:22.40Z,56.1831839,9.0423851,65.540,0.00,0.00,-0.02,1.055,1.664,0.41,0.00000,142.18238,3,26
2022-07-24T06:02:22.60Z,56.1831838,9.0423849,65.555,0.03,0.06,-0.13,1.062,1.669,0.39,0.00000,142.18262,3,26
2022-07-24T06:02:22.80Z,56.1831835,9.0423845,65.523,0.03,0.00,-0.06,1.068,1.674,0.40,0.00000,142.18288,3,26
2022-07-24T06:02:23.00Z,56.1831835,9.0423842,65.536,0.14,0.01,-0.14,1.074,1.679,0.40,0.00000,142.18312,3,26
2022-07-24T06:02:23.20Z,56.1831836,9.0423839,65.540,0.10,0.01,-0.12,1.080,1.683,0.40,0.00000,142.18338,3,26
2022-07-24T06:02:23.40Z,56.1831833,9.0423836,65.519,0.06,0.01,-0.17,1.086,1.687,0.39,0.00000,142.18364,3,26
2022-07-24T06:02:23.60Z,56.1831832,9.0423832,65.505,0.14,0.01,-0.16,1.090,1.691,0.39,0.00000,142.18388,3,26
2022-07-24T06:02:23.80Z,56.1831830,9.0423829,65.490,0.09,0.00,-0.13,1.094,1.693,0.39,0.00000,142.18412,3,26
2022-07-24T06:02:24.00Z,56.1831830,9.0423825,65.503,0.03,0.01,-0.15,1.098,1.696,0.37,0.00000,142.18436,3,26
2022-07-24T06:02:24.20Z,56.1831828,9.0423819,65.506,0.05,0.03,-0.10,1.103,1.699,0.39,0.00000,142.18460,3,25
2022-07-24T06:02:24.40Z,56.1831826,9.0423814,65.514,0.00,0.02,-0.08,1.107,1.702,0.36,0.00000,142.18484,3,25
2022-07-24T06:02:24.60Z,56.1831824,9.0423809,65.522,-0.01,-0.01,0.00,1.110,1.701,0.31,0.00000,142.18502,3,25
2022-07-24T06:02:24.80Z,56.1831819,9.0423805,65.493,-0.02,0.01,0.00,1.111,1.700,0.26,0.00000,142.18518,3,24
2022-07-24T06:02:25.00Z,56.1831812,9.0423800,65.423,0.02,-0.05,0.00,1.108,1.696,0.20,0.00000,142.18532,3,25
2022-07-24T06:02:25.20Z,56.1831805,9.0423793,65.333,0.10,0.01,-0.10,1.103,1.689,0.31,0.00000,142.18552,3,25
2022-07-24T06:02:25.40Z,56.1831799,9.0423786,65.273,0.07,0.04,-0.14,1.099,1.681,0.31,0.00000,142.18570,3,25
2022-07-24T06:02:25.60Z,56.1831791,9.0423782,65.219,-0.02,0.00,-0.01,1.093,1.675,0.16,0.00000,142.18580,3,25
2022-07-24T06:02:25.80Z,56.1831784,9.0423775,65.139,-0.05,0.02,0.02,1.088,1.666,0.22,0.00000,142.18594,3,25
2022-07-24T06:02:26.00Z,56.1831776,9.0423767,65.044,-0.02,-0.01,0.03,1.081,1.654,0.27,0.00000,142.18610,3,25
2022-07-24T06:02:26.20Z,56.1831769,9.0423760,64.965,0.00,-0.03,0.08,1.075,1.646,0.27,0.00000,142.18628,3,25
2022-07-24T06:02:26.40Z,56.1831761,9.0423754,64.887,-0.05,-0.01,0.06,1.067,1.635,0.25,0.00000,142.18644,3,25
2022-07-24T06:02:26.60Z,56.1831753,9.0423750,64.822,-0.06,0.01,0.03,1.060,1.627,0.22,0.00000,142.18658,3,25
2022-07-24T06:02:26.80Z,56.1831744,9.0423746,64.754,0.00,0.03,-0.04,1.054,1.618,0.23,0.00000,142.18674,3,25
2022-07-24T06:02:27.00Z,56.1831737,9.0423742,64.702,-0.02,-0.01,0.00,1.048,1.611,0.17,0.00000,142.18684,3,25
2022-07-24T06:02:27.20Z,56.1831730,9.0423737,64.644,-0.01,-0.04,0.04,1.042,1.604,0.22,0.00000,142.18698,3,25
2022-07-24T06:02:27.40Z,56.1831722,9.0423732,64.576,-0.03,0.01,-0.02,1.036,1.596,0.16,0.00000,142.18708,3,25
2022-07-24T06:02:27.60Z,56.1831715,9.0423728,64.513,-0.02,-0.03,0.08,1.030,1.588,0.24,0.00000,142.18722,3,25
2022-07-24T06:02:27.80Z,56.1831708,9.0423723,64.449,-0.01,-0.03,0.08,1.024,1.581,0.23,0.00000,142.18738,3,25
2022-07-24T06:02:28.00Z,56.1831704,9.0423719,64.426,-0.02,-0.01,-0.01,1.018,1.574,0.13,0.00000,142.18746,3,25
2022-07-24T06:02:28.20Z,56.1831699,9.0423716,64.401,0.01,0.01,0.00,1.013,1.566,0.14,0.00000,142.18754,3,25
2022-07-24T06:02:28.40Z,56.1831692,9.0423711,64.323,-0.04,-0.03,0.09,1.007,1.559,0.25,0.00000,142.18770,3,25
2022-07-24T06:02:28.60Z,56.1831685,9.0423708,64.265,0.00,0.00,0.03,1.002,1.552,0.25,0.00000,142.18786,3,25
2022-07-24T06:02:28.80Z,56.1831678,9.0423704,64.192,-0.03,-0.03,0.09,0.997,1.546,0.25,0.00000,142.18800,3,25
2022-07-24T06:02:29.00Z,56.1831672,9.0423700,64.122,0.01,0.05,0.05,0.992,1.540,0.15,0.00000,142.18810,3,25
2022-07-24T06:02:29.20Z,56.1831668,9.0423699,64.105,0.01,0.08,-0.12,0.987,1.534,0.22,0.00000,142.18824,3,25
2022-07-24T06:02:29.40Z,56.1831664,9.0423697,64.082,-0.02,-0.02,-0.02,0.983,1.529,0.15,0.00000,142.18832,3,25
2022-07-24T06:02:29.60Z,56.1831658,9.0423693,64.029,0.06,0.01,-0.08,0.978,1.523,0.26,0.00000,142.18850,3,25
2022-07-24T06:02:29.80Z,56.1831653,9.0423689,63.956,0.09,0.03,-0.01,0.974,1.518,0.21,0.00000,142.18864,3,25
2022-07-24T06:02:30.00Z,56.1831649,9.0423686,63.927,0.00,-0.03,-0.02,0.969,1.511,0.15,0.00000,142.18872,3,25
2022-07-24T06:02:30.20Z,56.1831642,9.0423680,63.854,-0.04,-0.01,0.00,0.964,1.504,0.20,0.00000,142.18884,3,25
2022-07-24T06:02:30.40Z,56.1831640,9.0423680,63.843,-0.07,0.05,0.00,0.967,1.508,0.39,0.00000,142.18910,3,25
2022-07-24T06:02:30.60Z,56.1831638,9.0423678,63.837,-0.13,-0.04,0.04,0.977,1.514,0.42,0.00000,142.18936,3,24
2022-07-24T06:02:30.80Z,56.1831637,9.0423676,63.840,0.02,-0.04,0.04,0.986,1.523,0.38,0.00000,142.18960,3,24
2022-07-24T06:02:31.00Z,56.1831637,9.0423673,63.845,-0.02,-0.04,0.14,0.996,1.531,0.42,0.00000,142.18986,3,24
2022-07-24T06:02:31.20Z,56.1831637,9.0423672,63.868,0.02,0.04,0.04,1.006,1.541,0.27,0.00000,142.19002,3,25
2022-07-24T06:02:31.40Z,56.1831639,9.0423672,63.887,-0.01,-0.01,0.13,1.016,1.552,0.43,0.00000,142.19030,3,25
2022-07-24T06:02:31.60Z,56.1831638,9.0423669,63.908,-0.14,-0.04,0.10,1.025,1.565,0.43,0.00000,142.19058,3,25
2022-07-24T06:02:31.80Z,56.1831636,9.0423668,63.909,-0.09,0.02,0.10,1.034,1.580,0.45,0.00000,142.19086,3,25
2022-07-24T06:02:32.00Z,56.1831636,9.0423666,63.918,0.01,-0.04,0.16,1.044,1.595,0.44,0.00000,142.19114,3,25
2022-07-24T06:02:32.20Z,56.1831635,9.0423663,63.909,-0.11,-0.03,0.20,1.054,1.610,0.47,0.00000,142.19144,3,24
2022-07-24T06:02:32.40Z,56.1831633,9.0423659,63.884,-0.03,-0.06,0.16,1.062,1.625,0.46,0.00000,142.19172,3,24
2022-07-24T06:02:32.60Z,56.1831632,9.0423655,63.864,-0.10,0.02,0.09,1.071,1.640,0.43,0.00000,142.19200,3,24
2022-07-24T06:02:32.80Z,56.1831632,9.0423655,63.904,-0.07,0.04,0.04,1.079,1.655,0.36,0.00000,142.19220,3,24
2022-07-24T06:02:33.00Z,56.1831631,9.0423656,63.947,-0.10,0.08,-0.04,1.087,1.667,0.31,0.00000,142.19240,3,24
2022-07-24T06:02:33.20Z,56.1831633,9.0423656,64.016,0.01,0.00,-0.02,1.095,1.678,0.45,0.00000,142.19268,3,23
2022-07-24T06:02:33.40Z,56.1831632,9.0423652,64.027,-0.07,-0.04,-0.03,1.102,1.686,0.28,0.00000,142.19286,3,23
2022-07-24T06:02:33.60Z,56.1831630,9.0423648,64.012,0.01,0.04,0.03,1.107,1.691,0.25,0.00000,142.19302,3,23
2022-07-24T06:02:33.80Z,56.1831629,9.0423647,64.015,-0.02,0.05,0.01,1.112,1.696,0.25,0.00000,142.19320,3,23
2022-07-24T06:02:34.00Z,56.1831630,9.0423645,64.057,-0.02,-0.02,0.00,1.119,1.705,0.27,0.00000,142.19338,3,23
2022-07-24T06:02:34.20Z,56.1831630,9.0423642,64.100,-0.04,0.01,-0.11,1.126,1.714,0.37,0.00000,142.19360,3,24
2022-07-24T06:02:34.40Z,56.1831630,9.0423639,64.135,0.04,-0.04,-0.03,1.134,1.724,0.30,0.00000,142.19380,3,24
2022-07-24T06:02:34.60Z,56.1831630,9.0423635,64.134,0.02,0.04,-0.05,1.141,1.733,0.40,0.00000,142.19406,3,24
2022-07-24T06:02:34.80Z,56.1831631,9.0423633,64.190,0.04,0.00,-0.13,1.149,1.742,0.42,0.00000,142.19432,3,24
2022-07-24T06:02:35.00Z,56.1831630,9.0423628,64.183,0.04,-0.01,-0.03,1.156,1.750,0.39,0.00000,142.19458,3,24
2022-07-24T06:02:35.20Z,56.1831630,9.0423624,64.188,0.06,-0.02,-0.04,1.164,1.760,0.39,0.00000,142.19482,3,24
2022-07-24T06:02:35.40Z,56.1831631,9.0423622,64.215,0.03,0.04,-0.01,1.171,1.770,0.30,0.00000,142.19500,3,25
2022-07-24T06:02:35.60Z,56.1831631,9.0423619,64.227,0.05,-0.02,0.02,1.179,1.779,0.31,0.00000,142.19522,3,25
2022-07-24T06:02:35.80Z,56.1831632,9.0423616,64.224,0.05,0.03,-0.01,1.186,1.790,0.37,0.00000,142.19544,3,24
2022-07-24T06:02:36.00Z,56.1831630,9.0423612,64.171,0.02,-0.01,0.03,1.192,1.797,0.37,0.00000,142.19568,3,24
2022-07-24T06:02:36.20Z,56.1831629,9.0423608,64.136,0.00,-0.01,0.04,1.197,1.804,0.40,0.00000,142.19592,3,24
2022-07-24T06:02:36.40Z,56.1831630,9.0423605,64.157,0.05,0.01,-0.05,1.204,1.812,0.43,0.00000,142.19620,3,24
2022-07-24T06:02:36.60Z,56.1831629,9.0423602,64.151,0.05,0.00,0.03,1.211,1.823,0.34,0.00000,142.19642,3,25
2022-07-24T06:02:36.80Z,56.1831628,9.0423599,64.121,0.07,0.05,0.00,1.217,1.832,0.32,0.00000,142.19662,3,25
2022-07-24T06:02:37.00Z,56.1831627,9.0423597,64.106,-0.01,0.02,0.01,1.223,1.840,0.29,0.00000,142.19680,3,24
2022-07-24T06:02:37.20Z,56.1831626,9.0423594,64.114,0.00,-0.03,-0.04,1.230,1.847,0.31,0.00000,142.19700,3,24
2022-07-24T06:02:37.40Z,56.1831625,9.0423590,64.118,-0.07,0.01,-0.01,1.236,1.854,0.33,0.00000,142.19720,3,24
2022-07-24T06:02:37.60Z,56.1831622,9.0423588,64.094,0.03,0.05,-0.04,1.241,1.861,0.38,0.00000,142.19742,3,24
2022-07-24T06:02:37.80Z,56.1831621,9.0423586,64.098,0.08,0.04,-0.08,1.247,1.868,0.42,0.00000,142.19768,3,25
2022-07-24T06:02:38.00Z,56.1831621,9.0423584,64.108,-0.01,0.01,-0.06,1.254,1.879,0.42,0.00000,142.19796,3,25
2022-07-24T06:02:38.20Z,56.1831618,9.0423583,64.094,-0.02,0.08,-0.03,1.262,1.890,0.30,0.00000,142.19816,3,25
2022-07-24T06:02:38.40Z,56.1831619,9.0423581,64.142,-0.02,-0.07,-0.08,1.269,1.900,0.31,0.00000,142.19834,3,25
2022-07-24T06:02:38.60Z,56.1831618,9.0423580,64.190,-0.06,0.04,-0.17,1.277,1.911,0.41,0.00000,142.19860,3,24
2022-07-24T06:02:38.80Z,56.1831622,9.0423582,64.310,0.13,0.07,-0.17,1.288,1.927,0.51,0.00000,142.19894,3,24
2022-07-24T06:02:39.00Z,56.1831624,9.0423579,64.333,0.16,-0.13,0.08,1.305,1.944,0.55,0.00000,142.19928,3,23
